State,Area,2018-Total,2019-Total,2020-Total,2018-Mining and Logging,2019-Mining and Logging,2020-Mining and Logging,2018-Construction,2019-Construction,2020-Construction,2018-Manufacturing,2019-Manufacturing,2020-Manufacturing,"2018-Trade, transportation, and utilities","2019-Trade, transportation, and utilities","2020-Trade, transportation, and utilities",2018-Information,2019-Information,2020-Information,2018-Financial activities,2019-Financial activities,2020-Financial activities,2018-Professional and business services,2019-Professional and business services,2020-Professional and business services,2018-Education and health services,2019-Education and health services,2020-Education and health services,2018-Leisure and hospitality,2019-Leisure and hospitality,2020-Leisure and hospitality,2018-Other services,2019-Other services,2020-Other services,2018-Government,2019-Government,2020-Government
Alabama,Total,2044.5,2074.8,1986.1,10.0,10.2,9.6,89.2,93.7,93.0,266.9,268.9,257.8,381.0,383.4,374.5,21.1,21.3,19.3,96.3,96.5,96.5,245.1,251.1,242.0,245.2,250.1,238.1,206.0,208.5,178.3,97.1,99.3,92.3,386.8,391.9,384.6
Alabama,Anniston-Oxford-Jacksonville(1),47.2,47.3,45.3,–,–,–,1.1,1.2,1.2,6.6,6.6,6.4,9.0,9.0,8.8,0.4,0.4,0.4,1.3,1.3,1.3,4.5,4.2,4.0,4.9,4.8,4.5,5.1,5.1,4.4,1.7,1.8,1.7,12.6,13.0,12.7
Alabama,Auburn-Opelika(1),65.5,67.3,64.1,–,–,–,2.5,2.7,2.8,6.6,6.3,6.0,11.9,12.5,12.3,0.5,0.5,0.5,2.0,1.9,1.9,7.3,7.2,6.9,4.6,5.0,4.6,8.8,9.1,7.7,2.4,2.7,2.4,18.9,19.5,18.9
Alabama,Birmingham-Hoover,539.2,546.1,520.4,2.8,2.8,2.5,27.9,29.6,28.8,39.0,39.4,37.0,109.0,108.3,104.6,7.5,7.5,7.5,42.0,42.1,42.5,69.2,69.9,67.5,74.0,75.9,72.7,52.8,53.1,43.8,30.8,31.5,28.9,84.2,86.0,84.6
Alabama,Daphne-Fairhope-Foley(2),77.9,80.5,76.6,–,–,–,–,–,–,–,–,–,–,–,–,–,–,–,–,–,–,–,–,–,–,–,–,–,–,–,–,–,–,9.7,10.0,10.1
Alabama,Decatur(1),56.1,57.5,56.5,–,–,–,3.9,4.2,4.4,13.1,13.3,13.3,10.2,10.5,10.4,0.2,0.3,0.3,2.0,2.1,2.1,5.7,6.0,5.9,5.2,5.2,4.9,5.3,5.3,4.7,2.1,2.2,2.1,8.2,8.4,8.3
Alabama,Dothan(1),58.8,60.0,58.0,–,–,–,2.5,2.7,2.6,5.4,5.4,5.2,15.4,15.5,15.0,0.6,0.5,0.4,2.0,2.1,2.1,4.7,5.0,4.9,8.6,8.9,8.7,6.3,6.5,5.9,2.7,2.8,2.6,10.6,10.7,10.6
Alabama,Florence-Muscle Shoals(1),57.0,57.6,54.8,–,–,–,3.5,3.7,3.9,9.4,9.0,8.1,11.6,11.5,11.0,0.4,0.4,0.4,2.3,2.4,2.3,4.1,4.1,4.0,6.9,7.3,7.2,6.4,6.5,5.8,2.3,2.5,2.3,10.0,10.2,9.9
Alabama,Gadsden(1),38.0,37.4,33.9,–,–,–,1.1,1.0,1.1,5.5,5.3,4.4,6.8,6.8,6.6,0.3,0.3,0.2,1.3,1.3,1.2,4.3,4.0,3.4,7.9,7.8,7.1,4.1,4.0,3.4,1.6,1.6,1.5,5.3,5.3,5.1
Alabama,Huntsville(1),238.7,245.2,240.9,–,–,–,9.2,9.5,9.7,25.2,25.9,26.2,34.0,35.1,34.4,2.6,2.4,2.2,6.9,7.0,7.1,57.4,60.0,60.8,21.8,22.3,21.4,22.5,22.6,19.3,8.2,8.6,8.2,51.2,51.9,51.7
Alabama,Mobile(1),185.4,186.5,178.4,–,–,–,11.6,11.7,11.2,18.6,18.7,18.1,36.3,36.5,36.1,2.0,2.0,1.9,8.8,8.5,8.3,24.2,24.8,24.1,27.9,28.4,27.3,18.2,18.2,15.5,12.2,12.1,11.3,25.6,25.6,24.7
Alabama,Montgomery(1),176.8,177.7,168.9,–,–,–,6.3,6.7,6.5,18.2,18.2,17.3,29.9,29.8,29.2,2.2,2.2,1.7,7.5,7.5,7.4,22.1,21.9,19.9,20.5,20.4,19.2,17.2,17.3,14.6,9.4,9.5,9.2,43.9,44.3,44.0
Alabama,Tuscaloosa(1),109.9,113.3,104.7,–,–,–,6.5,7.0,6.9,17.1,17.3,16.6,16.3,16.6,15.9,1.6,2.0,1.1,4.1,4.1,4.1,10.7,12.3,9.7,9.3,9.3,8.8,11.6,11.6,9.6,4.1,4.3,4.2,28.6,28.9,27.8
Alaska,Total,327.7,330.0,301.3,12.7,13.4,11.4,15.8,16.4,16.1,12.6,13.1,11.6,64.4,64.6,58.3,5.6,5.4,4.9,11.8,11.6,10.8,27.3,27.7,26.1,50.4,50.8,49.2,35.6,36.2,26.2,11.0,11.0,10.1,80.4,79.9,76.8
Alaska,Anchorage,176.1,176.7,163.6,2.7,2.7,2.5,9.8,10.3,9.9,2.3,2.4,2.1,38.0,37.7,35.0,4.0,3.8,3.5,8.0,8.0,7.6,19.0,19.2,18.1,31.6,31.8,30.8,20.4,20.7,15.6,6.4,6.3,5.7,34.0,33.7,32.9
Alaska,Fairbanks,37.6,37.9,35.2,0.8,0.8,0.8,2.8,2.7,2.6,0.6,0.6,0.5,7.6,7.8,7.1,0.4,0.4,0.3,1.2,1.2,1.1,2.7,2.8,2.6,5.6,5.6,5.4,4.5,4.6,3.5,1.0,1.0,1.0,10.5,10.5,10.2
Arizona,Total,2857.7,2942.8,2850.3,13.1,13.3,12.4,157.3,170.2,173.4,171.4,177.9,176.4,534.6,544.6,546.9,47.6,49.4,45.3,220.0,227.9,231.9,434.0,447.8,430.4,445.5,463.0,459.1,326.0,331.9,273.9,92.4,94.4,88.2,415.8,422.5,412.5
Arizona,Flagstaff(1),67.6,68.0,62.9,–,–,–,2.5,2.6,2.6,3.6,3.8,3.8,9.6,9.3,8.7,0.4,0.4,0.4,1.4,1.5,1.5,3.3,3.5,3.1,9.3,9.5,9.2,15.6,15.7,12.7,1.7,1.8,1.7,20.1,19.9,19.2
Arizona,Lake Havasu City-Kingman(1),51.1,52.1,51.2,–,–,–,3.2,3.5,3.7,3.2,3.2,3.0,12.5,12.7,12.7,0.5,0.5,0.5,1.7,1.8,1.9,3.7,3.8,3.9,8.9,9.0,8.9,7.8,7.5,6.8,1.9,1.9,1.8,7.8,8.3,8.0
Arizona,Phoenix-Mesa-Scottsdale,2108.6,2180.2,2119.5,3.5,3.5,3.0,123.0,133.1,135.1,128.6,133.7,133.0,402.9,410.4,412.7,39.0,40.6,37.6,192.0,200.6,204.4,358.5,371.9,357.5,324.3,339.1,337.8,228.1,233.3,192.5,69.1,70.3,65.4,239.4,243.9,240.5
Arizona,Prescott(1),65.2,65.9,63.6,–,–,–,5.8,6.3,6.4,3.8,3.8,3.6,12.7,12.7,12.6,0.5,0.5,0.5,2.0,2.1,2.2,4.2,4.4,4.6,12.7,12.5,12.0,10.3,10.5,8.8,2.3,2.4,2.3,10.8,11.0,10.7
Arizona,Sierra Vista-Douglas(1),33.5,33.9,34.4,–,–,–,1.7,1.9,3.0,0.6,0.6,0.6,5.8,5.9,6.2,0.4,0.4,0.3,0.9,0.8,0.8,4.2,4.4,4.5,4.7,4.6,4.4,3.6,3.6,3.1,0.7,0.7,0.7,11.0,10.9,10.8
Arizona,Tucson,382.3,391.1,373.1,1.9,1.9,1.9,16.9,18.0,18.0,26.6,27.9,27.3,61.6,63.3,64.0,5.6,5.8,5.1,17.7,17.3,17.5,50.5,50.5,47.7,66.3,68.4,67.4,44.7,45.1,35.8,13.4,13.9,12.8,77.2,79.0,75.7
Arizona,Yuma(1),56.0,57.6,55.7,–,–,–,2.6,3.1,3.5,2.7,2.6,2.7,11.0,11.8,11.3,0.5,0.5,0.3,2.0,2.1,2.0,7.0,6.7,6.7,8.0,8.3,7.8,6.0,6.3,5.6,1.8,1.7,1.7,14.4,14.6,14.1
Arkansas,Total,1266.0,1280.4,1242.0,5.9,5.9,5.5,50.9,52.6,53.2,160.7,162.3,155.1,251.7,251.9,247.8,12.7,12.6,11.8,61.0,63.2,63.7,145.3,144.4,138.5,191.6,193.2,187.1,118.4,120.8,106.4,55.7,61.8,64.9,212.1,211.7,208.2
Arkansas,Fayetteville-Springdale-Rogers(1),258.3,264.6,261.7,–,–,–,11.7,12.4,13.0,29.7,30.4,30.7,56.0,56.7,56.4,2.0,2.1,2.0,8.2,8.3,8.6,49.8,50.5,50.6,29.2,29.9,29.6,26.3,27.2,23.6,9.4,9.7,9.6,36.2,37.4,37.6
Arkansas,Fort Smith(1),113.7,113.5,109.0,–,–,–,5.3,5.8,5.4,17.7,17.4,16.8,23.2,23.2,23.0,1.2,1.2,1.1,4.0,4.0,3.7,13.0,12.4,11.5,17.0,17.4,16.7,9.4,9.5,8.5,4.7,4.6,4.4,18.3,18.3,17.9
Arkansas,Hot Springs(2),38.9,39.5,37.6,–,–,–,–,–,–,–,–,–,–,–,–,–,–,–,–,–,–,–,–,–,–,–,–,–,–,–,–,–,–,4.5,4.4,4.2
Arkansas,Jonesboro(2),58.8,60.3,58.2,–,–,–,–,–,–,–,–,–,–,–,–,–,–,–,–,–,–,–,–,–,–,–,–,–,–,–,–,–,–,9.1,9.1,8.6
Arkansas,Little Rock-North Little Rock-Conway(1),363.4,365.6,348.8,–,–,–,17.2,17.8,17.7,20.9,21.1,19.4,70.5,70.5,68.2,5.7,5.6,5.3,21.3,22.0,22.2,48.2,47.2,43.4,57.3,58.2,57.0,34.4,34.6,29.2,17.2,17.7,17.7,70.8,70.8,68.7
Arkansas,Pine Bluff(2),33.3,32.7,31.5,–,–,–,–,–,–,–,–,–,–,–,–,–,–,–,–,–,–,–,–,–,–,–,–,–,–,–,–,–,–,9.2,9.0,8.9
California,Total,17172.6,17430.4,16140.5,22.4,22.5,19.8,860.2,885.2,855.1,1324.0,1326.8,1261.7,3046.9,3053.7,2894.9,543.2,562.1,529.0,837.9,841.1,815.3,2669.4,2721.9,2595.2,2722.2,2807.2,2731.6,1993.2,2036.3,1477.6,571.7,576.2,473.2,2581.6,2597.4,2487.1
California,Bakersfield,266.8,273.4,259.5,9.3,9.6,7.9,15.9,16.3,15.3,13.2,12.9,12.4,53.3,52.9,52.1,2.0,1.9,1.5,7.6,7.5,7.3,26.7,28.0,26.5,38.1,40.9,41.0,26.7,27.6,22.8,7.9,8.3,7.3,66.1,67.6,65.4
California,Chico(1),82.5,80.6,73.4,–,–,–,4.3,4.4,4.2,4.3,4.1,4.0,14.7,14.5,13.6,0.9,0.8,0.7,3.3,3.1,3.0,5.6,5.8,5.4,19.9,18.4,17.5,9.2,9.0,7.1,3.8,3.9,3.0,16.4,16.6,14.9
California,El Centro(1),52.3,53.3,50.0,–,–,–,1.8,1.9,1.9,1.4,1.6,1.8,12.0,11.9,11.1,0.3,0.3,0.2,1.3,1.2,1.1,3.1,3.0,2.7,8.4,9.0,8.7,4.3,4.4,3.3,0.9,0.9,0.8,18.9,19.1,18.3
California,Fresno,354.1,363.3,348.9,0.3,0.3,0.3,18.7,19.0,18.6,25.9,26.2,25.8,68.8,70.0,70.0,3.6,3.4,3.0,14.1,14.3,13.5,32.5,34.6,33.8,69.3,72.5,72.0,34.5,35.7,28.6,11.9,12.1,11.0,74.5,75.2,72.5
California,Hanford-Corcoran(1),40.8,41.5,39.1,–,–,–,1.0,1.0,0.9,4.9,4.9,4.6,7.2,7.2,6.7,0.2,0.1,0.1,0.9,0.9,0.9,1.2,1.2,1.2,6.4,6.7,6.5,3.6,3.6,3.4,0.7,0.7,0.6,14.9,15.1,14.3
California,Los Angeles-Long Beach-Anaheim,6167.9,6235.0,5671.4,2.4,2.4,2.0,252.2,256.0,247.4,503.2,500.5,462.8,1113.3,1110.9,1028.9,243.1,243.8,210.0,341.8,341.1,326.8,947.7,972.6,900.3,1043.1,1073.0,1044.9,759.1,774.9,555.9,210.1,210.4,171.0,751.9,749.4,721.4
California,Madera(1),38.6,39.7,38.5,–,–,–,1.9,1.9,2.0,3.4,3.4,3.1,5.7,5.8,5.9,0.3,0.3,0.3,0.7,0.8,0.7,2.4,2.7,2.8,8.6,8.8,8.9,3.5,3.7,3.3,0.9,1.1,0.9,11.0,11.2,10.7
California,Merced(1),68.2,70.1,66.9,–,–,–,2.5,2.6,2.6,9.7,10.0,9.9,13.1,13.3,13.1,0.3,0.3,0.2,1.8,1.9,1.8,4.3,4.4,4.1,10.3,10.6,10.3,5.8,6.1,5.3,1.5,1.5,1.3,18.9,19.5,18.3
California,Modesto(1),179.1,181.4,172.8,–,–,–,10.2,10.5,9.8,21.6,21.4,21.1,37.4,37.7,37.1,1.0,1.0,0.8,5.3,5.3,5.0,15.4,15.3,14.9,33.6,34.7,34.3,19.3,19.2,15.7,5.8,5.9,5.1,29.5,30.3,29.0
California,Napa(1),74.2,74.8,66.0,–,–,–,4.7,4.7,4.1,13.2,13.7,12.9,10.2,10.3,9.7,0.4,0.3,0.2,2.2,2.3,2.1,7.2,7.2,6.8,10.1,10.3,9.8,13.5,13.7,9.1,2.1,2.1,1.7,10.5,10.2,9.7
California,Oxnard-Thousand Oaks-Ventura,309.1,312.8,290.6,0.9,0.9,0.9,16.8,17.1,16.7,26.2,26.6,25.6,58.7,57.8,53.6,5.4,5.2,3.9,16.4,15.9,15.7,42.9,44.4,42.6,47.7,49.6,48.5,37.8,38.5,29.9,9.5,9.7,8.2,46.9,47.1,44.9
California,Redding(1),65.9,67.3,65.5,–,–,–,3.5,3.9,4.3,2.6,2.6,2.5,12.8,13.0,13.0,0.6,0.5,0.5,2.7,2.8,2.8,6.1,6.1,5.8,15.1,15.5,15.4,6.8,7.0,5.8,2.5,2.4,2.2,13.3,13.6,13.3
California,Riverside-San Bernardino-Ontario,1506.0,1552.1,1487.8,1.2,1.2,1.3,105.2,107.2,105.0,99.8,100.6,94.3,378.8,394.4,403.8,11.4,11.5,9.4,44.6,45.0,43.7,152.0,158.7,154.0,239.5,250.3,248.7,170.6,175.9,139.2,45.8,46.2,39.6,257.2,261.2,249.1
California,Sacramento--Roseville--Arden-Arcade,1000.8,1022.7,970.2,0.5,0.5,0.6,64.5,69.4,70.1,36.0,36.8,35.9,159.8,161.3,156.3,12.4,11.9,10.1,53.5,52.5,51.8,136.0,137.4,132.5,159.8,166.6,163.0,106.2,109.6,83.7,34.2,35.4,30.6,238.0,241.4,235.6
California,Salinas,143.0,145.1,132.0,0.2,0.3,0.2,6.4,6.5,6.2,5.4,5.3,4.7,26.7,26.6,24.6,1.0,1.0,0.8,4.5,4.4,4.1,14.0,14.7,14.4,19.9,20.4,19.9,25.3,26.1,18.8,5.1,5.1,4.4,34.5,34.7,33.8
California,San Diego-Carlsbad,1482.2,1503.2,1385.3,0.4,0.4,0.3,83.7,84.0,81.9,112.3,115.7,113.8,225.1,224.2,208.5,23.6,23.5,22.1,76.0,76.5,74.3,249.0,255.7,247.7,208.9,216.6,210.2,199.6,201.7,144.9,55.5,56.4,44.5,248.1,248.6,237.1
California,San Francisco-Oakland-Hayward,2433.0,2482.9,2270.6,0.3,0.3,0.3,125.1,127.6,120.2,144.7,145.7,139.9,376.9,374.0,339.5,115.7,128.2,133.7,144.0,146.7,141.0,484.7,499.9,482.1,354.2,365.5,350.9,277.5,284.4,184.8,88.0,88.4,70.2,322.1,322.1,308.0
California,San Jose-Sunnyvale-Santa Clara,1128.5,1149.9,1078.7,0.2,0.2,0.2,49.9,53.0,50.1,172.1,172.0,168.7,133.8,130.6,118.0,92.1,100.6,106.0,36.7,37.9,38.0,236.2,243.1,237.9,176.2,178.7,171.7,105.7,107.5,71.7,28.9,28.9,22.2,96.7,97.3,94.3
California,San Luis Obispo-Paso Robles-Arroyo Grande(1),117.7,119.5,108.5,–,–,–,7.9,8.3,8.3,7.7,7.8,7.3,20.9,20.5,18.8,1.2,1.2,1.1,3.9,3.9,3.7,10.9,11.2,10.5,17.7,18.2,16.8,19.2,19.8,15.2,4.0,4.1,3.3,24.3,24.5,23.3
California,Santa Cruz-Watsonville(1),102.5,103.7,93.2,–,–,–,4.4,4.5,4.4,6.9,7.1,6.8,16.8,16.8,15.7,0.7,0.6,0.6,3.6,3.4,3.2,10.7,10.9,10.4,17.8,18.0,17.0,14.5,14.8,10.0,5.3,5.3,4.5,22.0,22.4,20.5
California,Santa Maria-Santa Barbara,189.4,194.0,181.5,1.0,1.1,0.8,8.8,8.9,8.8,12.9,12.9,11.9,27.2,27.2,25.5,4.0,4.1,3.9,6.7,6.9,6.7,28.0,29.7,32.1,27.4,28.4,28.0,28.2,29.0,21.7,6.2,6.5,5.6,39.0,39.4,36.6
California,Santa Rosa,208.7,209.0,190.1,0.2,0.2,0.2,15.2,16.5,15.9,23.4,23.4,22.2,36.5,36.1,34.0,2.7,2.6,2.3,8.9,8.7,7.5,23.2,23.4,22.5,34.8,35.8,34.1,25.7,25.8,18.4,7.1,7.1,5.9,31.1,29.5,27.1
California,Stockton-Lodi,241.3,247.0,242.3,0.1,0.1,0.1,12.8,13.1,12.9,20.6,20.6,20.5,66.7,69.1,73.4,1.8,1.6,1.2,7.8,7.9,7.8,19.6,20.2,21.1,38.8,39.1,37.1,22.0,22.6,18.4,7.6,7.8,6.7,43.5,44.9,43.1
California,Vallejo-Fairfield,142.1,143.4,132.9,0.6,0.5,0.4,11.2,12.3,10.9,12.7,12.5,12.3,27.8,27.0,25.8,1.1,1.2,0.9,5.2,5.1,4.9,10.1,10.2,9.4,28.4,29.0,28.5,15.6,16.1,12.3,4.5,4.7,4.0,24.9,24.8,23.5
California,Visalia-Porterville(1),126.3,128.4,123.9,–,–,–,6.1,6.4,6.5,13.0,12.9,12.6,28.0,27.7,26.9,0.7,0.7,0.6,4.1,4.0,3.8,11.0,11.4,10.9,16.1,17.1,17.4,11.8,12.1,10.6,3.5,3.5,3.1,32.3,32.7,31.6
California,Yuba City(1),44.4,46.3,45.6,–,–,–,2.6,2.9,2.8,2.2,2.3,2.1,9.1,9.4,9.6,0.3,0.3,0.2,1.4,1.5,1.4,3.2,3.2,3.4,8.4,8.8,8.7,4.6,4.7,3.9,1.1,1.2,1.1,11.5,12.0,12.3
Colorado,Total,2727.3,2790.1,2644.6,28.6,28.8,21.8,173.2,179.1,174.6,147.5,150.5,146.5,470.4,477.9,468.3,75.6,77.1,74.6,171.6,174.6,172.4,423.5,439.2,430.5,340.7,347.6,337.3,339.7,345.4,271.2,110.9,114.8,106.3,445.6,455.1,441.0
Colorado,Boulder(1),194.7,199.0,187.2,–,–,–,5.8,5.9,5.6,19.1,19.9,20.2,25.8,25.9,24.9,8.2,8.5,8.5,7.2,7.3,7.2,35.8,37.6,38.1,26.2,26.5,24.7,21.5,21.4,15.9,6.2,6.3,5.8,38.9,39.7,36.5
Colorado,Colorado Springs(1),292.5,300.0,289.5,–,–,–,17.9,18.6,18.5,11.8,11.9,11.7,44.0,44.1,43.3,5.8,5.7,5.3,18.5,18.9,18.9,45.5,46.9,47.3,39.6,41.1,41.4,38.8,39.6,32.2,17.6,18.3,17.3,53.2,55.0,53.6
Colorado,Denver-Aurora-Lakewood(1),1503.0,1538.4,1458.5,–,–,–,108.4,111.9,108.6,69.8,70.8,69.0,273.6,279.3,274.6,50.7,51.6,50.8,111.4,113.1,111.6,271.0,280.8,273.0,188.7,192.1,184.9,169.3,172.8,131.0,57.7,59.4,54.0,202.4,206.7,201.1
Colorado,Fort Collins(1),170.1,174.1,165.6,–,–,–,11.7,11.8,11.6,14.3,14.6,14.0,27.5,27.9,27.2,3.1,3.4,3.1,7.0,6.9,6.8,20.1,20.4,20.1,18.1,18.8,18.1,21.8,22.1,17.6,6.3,6.7,6.2,40.2,41.7,41.0
Colorado,Grand Junction(1),64.3,65.2,61.7,–,–,–,7.0,6.9,5.7,3.1,3.1,3.0,13.2,13.3,12.9,0.6,0.6,0.5,3.1,3.2,3.1,5.2,5.2,4.9,11.2,11.6,11.7,7.9,7.9,6.8,2.6,2.7,2.5,10.4,10.8,10.6
Colorado,Greeley(1),109.4,113.4,105.5,–,–,–,20.0,21.4,17.1,13.7,14.3,13.8,19.0,19.5,19.3,0.7,0.7,0.5,4.5,4.5,4.5,10.6,11.0,11.0,10.3,10.5,10.2,9.5,9.8,8.5,3.6,3.8,3.6,17.7,18.0,17.1
Colorado,Pueblo(1),62.9,63.7,62.2,–,–,–,3.5,3.6,3.7,4.4,4.7,4.5,11.7,11.9,11.8,0.7,0.6,0.5,1.9,1.9,1.8,6.1,6.5,6.9,12.9,12.9,12.9,6.9,6.8,5.8,2.1,2.2,2.1,12.8,12.7,12.2
Connecticut,Total,1699.5,1696.1,1564.7,0.5,0.5,0.5,58.8,59.7,56.2,160.7,161.9,153.6,296.7,292.6,276.9,31.7,31.6,29.3,125.5,123.7,120.1,221.0,218.9,205.3,344.7,348.1,325.8,157.8,157.6,117.0,65.6,65.4,56.2,236.4,236.0,223.8
Connecticut,Bridgeport-Stamford-Norwalk(1),409.6,406.9,369.5,–,–,–,12.6,12.8,12.2,28.9,28.8,27.1,69.4,67.5,61.9,12.1,12.2,11.5,38.8,37.5,35.8,65.8,66.0,61.8,76.6,76.8,70.5,43.5,43.6,32.7,17.8,17.8,15.1,44.2,43.9,41.0
Connecticut,Danbury(2),78.1,77.7,71.0,–,–,–,–,–,–,–,–,–,17.3,17.0,15.6,–,–,–,–,–,–,10.0,9.9,9.0,–,–,–,8.0,7.8,5.8,–,–,–,9.8,9.9,9.8
Connecticut,Hartford-West Hartford-East Hartford(1),585.1,587.0,546.1,–,–,–,19.9,20.1,19.1,59.1,60.2,56.5,92.2,91.1,85.8,9.9,9.8,9.2,56.5,56.3,54.9,74.0,73.8,70.0,111.7,113.3,105.8,48.3,48.3,35.4,22.7,22.7,20.1,90.8,91.5,89.3
Connecticut,New Haven(1),290.1,292.1,277.6,–,–,–,10.9,11.2,10.4,23.6,24.1,23.3,52.0,52.6,53.2,4.5,4.4,3.8,12.1,12.0,11.7,31.2,30.4,29.7,82.8,84.6,81.4,25.9,26.1,19.4,11.3,11.3,9.9,35.8,35.5,35.1
Connecticut,Norwich-New London-Westerly(1),130.6,129.8,113.4,–,–,–,3.9,4.1,3.9,17.5,17.8,17.4,22.7,22.0,20.0,1.4,1.4,1.3,2.9,2.9,2.7,9.2,9.1,8.6,21.6,21.9,20.2,17.0,17.0,12.2,3.6,3.5,2.8,30.8,30.2,24.3
Connecticut,Waterbury(1),69.6,69.0,63.0,–,–,–,2.9,3.0,2.8,7.8,7.5,6.9,13.0,12.9,12.0,0.6,0.6,0.5,2.1,2.0,1.9,5.5,5.3,4.7,18.5,18.6,16.8,5.9,5.8,4.6,2.7,2.7,2.3,10.6,10.6,10.4
Delaware(1),Total,461.6,466.8,439.0,–,–,–,22.3,23.0,22.4,27.1,27.3,25.6,80.7,80.8,77.6,4.1,3.9,3.7,47.8,47.9,47.2,63.5,64.0,61.7,79.7,81.1,77.6,51.8,53.0,41.3,18.5,18.7,16.4,66.2,66.9,65.6
Delaware(1),Dover(1),69.6,70.5,67.1,–,–,–,2.6,2.8,2.8,5.0,4.9,4.8,13.6,13.5,12.9,0.4,0.5,0.4,1.7,1.7,1.6,5.2,5.4,5.9,11.2,11.5,10.9,8.2,8.3,6.4,2.7,2.7,2.3,19.0,19.3,19.2
Delaware(1),Salisbury(1)(3),162.4,164.6,152.9,–,–,–,9.1,9.4,9.3,14.5,14.6,13.8,32.0,31.7,30.3,1.2,1.2,1.1,6.5,6.4,6.3,14.6,15.4,14.5,25.7,26.5,26.1,29.2,29.4,23.3,5.5,5.7,5.0,24.2,24.4,23.4
District of Columbia(1),Total,792.8,797.2,747.2,–,–,–,15.7,14.8,15.1,1.3,1.3,1.0,33.2,33.1,29.2,19.2,20.0,19.8,29.6,29.8,29.0,168.2,170.8,166.9,130.7,130.4,125.0,79.8,81.7,47.7,76.8,77.4,73.5,238.4,237.9,240.2
District of Columbia(1),Washington-Arlington-Alexandria(1),3307.8,3348.0,3151.0,–,–,–,160.9,164.9,161.1,55.5,56.7,54.2,408.4,409.1,382.4,74.9,76.3,74.3,159.1,160.8,155.6,760.9,778.7,768.3,442.5,449.3,421.4,333.6,337.1,240.0,208.7,210.1,192.9,703.2,705.3,700.8
Florida,Total,8782.7,8966.4,8498.6,5.7,5.7,5.4,542.6,565.3,561.4,372.8,384.7,376.7,1780.1,1805.9,1739.5,139.3,139.2,130.1,575.8,592.5,592.6,1363.9,1392.8,1353.0,1305.0,1343.3,1307.4,1229.4,1259.0,1002.8,353.1,353.4,320.8,1115.0,1124.8,1108.9
Florida,Cape Coral-Fort Myers(1),271.1,278.4,267.2,–,–,–,30.7,32.6,33.1,6.3,6.5,6.4,54.1,54.8,53.2,2.8,2.8,2.8,13.6,14.0,13.5,37.2,37.6,36.4,30.1,31.4,30.7,41.9,43.6,36.7,11.6,11.7,10.7,42.9,43.5,43.7
Florida,Crestview-Fort Walton Beach-Destin(1),115.6,118.3,115.6,–,–,–,6.9,6.9,6.9,3.0,3.2,3.4,21.1,21.2,20.3,1.2,1.3,1.3,7.0,7.1,7.0,17.0,17.9,18.5,11.9,12.5,12.2,22.3,22.6,20.4,4.8,4.9,4.7,20.5,20.8,20.9
Florida,Deltona-Daytona Beach-Ormond Beach(1),204.1,206.2,198.6,–,–,–,13.8,14.2,14.2,11.8,11.4,10.7,38.7,38.9,38.1,2.4,2.4,2.0,8.5,8.7,9.0,23.2,23.4,23.5,39.8,40.7,39.6,33.0,32.9,27.8,9.0,8.9,8.1,24.0,24.9,25.7
Florida,Gainesville(1),145.5,148.0,141.9,–,–,–,5.9,6.0,6.1,4.7,4.8,4.5,21.2,21.0,20.2,1.6,1.8,1.6,6.8,6.9,6.9,14.9,15.4,15.3,26.4,27.5,27.1,16.0,16.1,13.2,4.4,4.3,3.9,43.6,44.0,43.3
Florida,Homosassa Springs(2),33.3,33.3,31.9,–,–,–,–,–,–,–,–,–,–,–,–,–,–,–,–,–,–,–,–,–,–,–,–,–,–,–,–,–,–,4.3,4.4,4.3
Florida,Jacksonville,709.1,724.1,704.3,0.5,0.5,0.4,44.6,46.0,46.0,31.4,32.6,32.5,151.6,157.1,153.7,9.3,9.0,9.0,67.2,67.1,68.0,108.1,110.0,108.9,107.5,110.3,109.9,85.7,86.9,73.6,26.4,27.0,25.0,76.8,77.7,77.5
Florida,Lakeland-Winter Haven(1),227.9,235.7,237.4,–,–,–,13.7,14.3,15.0,17.6,18.0,17.9,58.2,61.3,65.3,2.0,1.9,1.8,12.6,13.3,14.1,31.3,32.5,32.5,33.7,34.5,34.7,24.1,24.6,21.2,6.3,6.6,6.3,28.5,28.6,28.7
Florida,Miami-Fort Lauderdale-West Palm Beach,2681.6,2725.2,2540.5,0.7,0.7,0.8,138.0,142.3,138.9,89.8,91.5,87.6,608.9,615.2,577.6,51.0,51.0,47.1,184.7,189.8,187.7,444.3,452.0,434.8,400.6,411.6,396.6,328.0,334.0,256.4,122.4,120.8,106.2,313.3,316.5,306.9
Florida,Naples-Immokalee-Marco Island(1),151.0,155.6,148.4,–,–,–,17.2,17.7,17.3,4.3,4.7,4.9,28.6,29.2,28.2,1.4,1.4,1.3,8.4,8.8,8.6,16.7,17.3,17.3,22.3,23.1,23.0,29.1,30.0,25.4,9.2,9.2,8.5,13.9,14.3,13.9
Florida,North Port-Sarasota-Bradenton(1),308.9,314.3,299.2,–,–,–,25.4,26.4,26.6,16.8,17.1,16.2,59.5,60.0,57.7,3.4,3.5,3.5,14.8,15.4,15.5,47.4,46.2,43.0,54.5,56.3,55.3,44.9,46.1,39.3,14.2,14.8,14.0,28.0,28.5,28.2
Florida,Ocala(1),105.7,108.3,105.8,–,–,–,7.8,8.5,8.6,8.6,9.3,9.5,25.4,26.1,26.2,0.8,0.6,0.5,3.9,3.9,3.8,9.5,9.5,9.8,18.8,18.8,18.3,13.1,13.5,11.7,2.9,3.0,2.8,14.9,15.3,14.7
Florida,Orlando-Kissimmee-Sanford,1293.4,1327.3,1198.8,0.2,0.3,0.2,82.0,85.9,83.0,46.6,49.3,48.3,239.5,242.8,228.1,25.3,25.6,24.4,76.1,78.3,76.8,229.8,235.9,217.1,155.5,160.7,157.0,266.6,276.2,197.9,44.3,44.8,39.6,127.6,127.6,126.3
Florida,Palm Bay-Melbourne-Titusville(1),224.5,231.7,224.8,–,–,–,14.9,15.4,16.1,25.8,27.4,28.8,37.8,38.2,37.0,2.6,2.4,1.9,8.6,8.6,8.8,33.1,35.2,36.5,36.9,38.3,35.2,27.9,28.6,24.2,8.9,9.0,8.1,28.2,28.4,28.3
Florida,Panama City(1),83.9,80.7,78.3,–,–,–,5.5,6.9,7.0,3.1,3.0,3.2,16.1,15.7,15.8,0.9,0.8,0.6,4.6,4.5,4.7,10.9,11.1,10.0,11.5,9.6,9.5,14.3,12.9,11.8,2.8,2.7,2.6,14.2,13.5,13.2
Florida,Pensacola-Ferry Pass-Brent(1),181.2,185.9,181.8,–,–,–,11.7,12.2,11.9,6.5,7.1,6.9,33.6,33.8,33.6,1.8,1.7,1.5,14.0,14.9,15.2,24.3,24.4,24.6,30.1,31.0,30.6,24.6,25.8,22.9,6.3,6.6,6.4,28.4,28.6,28.3
Florida,Port St. Lucie(1),151.2,155.6,151.1,–,–,–,11.3,12.0,12.2,7.0,7.5,7.4,31.2,31.0,30.7,1.2,1.2,1.1,5.5,5.9,5.9,19.2,20.7,21.5,27.5,28.6,27.7,20.5,20.9,17.9,8.2,8.0,7.4,19.6,19.8,19.1
Florida,Punta Gorda(1),48.8,50.0,48.3,–,–,–,4.2,4.3,4.4,0.8,0.8,0.8,11.5,11.7,11.6,0.4,0.4,0.3,2.2,2.3,2.2,4.2,4.4,4.5,9.6,10.0,9.5,7.7,7.8,6.7,2.1,2.2,2.3,6.0,6.2,6.0
Florida,Sebastian-Vero Beach(1),53.5,54.4,52.0,–,–,–,4.3,4.5,4.4,2.2,2.3,2.2,10.8,10.6,10.4,0.6,0.6,0.5,2.7,2.8,2.7,6.2,6.5,6.2,10.5,10.9,10.8,8.1,8.3,7.1,2.9,2.8,2.7,5.3,5.3,5.2
Florida,Sebring(2),26.2,26.2,24.9,–,–,–,–,–,–,–,–,–,–,–,–,–,–,–,–,–,–,–,–,–,–,–,–,–,–,–,–,–,–,4.3,4.3,4.2
Florida,Tallahassee(1),183.7,186.6,178.7,–,–,–,8.0,8.8,8.3,3.2,3.4,3.4,24.5,24.6,23.5,3.1,3.1,3.1,7.9,7.8,7.5,21.6,22.3,22.5,24.0,24.8,24.4,20.4,20.9,16.6,9.4,9.0,8.8,61.6,62.1,60.6
Florida,Tampa-St. Petersburg-Clearwater,1352.1,1385.6,1341.2,0.3,0.3,0.3,78.0,81.6,83.2,67.3,69.0,67.0,249.3,252.6,248.5,25.6,25.6,24.2,116.9,121.7,124.0,241.8,248.6,248.0,211.0,218.7,213.0,159.0,162.8,134.0,46.8,47.5,43.9,156.2,157.3,155.1
Florida,The Villages(2),30.0,31.9,31.5,–,–,–,–,–,–,–,–,–,–,–,–,–,–,–,–,–,–,–,–,–,–,–,–,–,–,–,–,–,–,5.1,5.2,5.2
Georgia,Total,4535.7,4619.9,4406.5,9.5,9.5,9.5,195.5,204.7,201.2,404.5,406.1,385.3,931.3,946.7,922.6,115.9,118.1,109.6,245.8,250.4,250.7,705.2,720.2,694.1,588.2,606.6,587.7,489.3,500.8,415.2,160.4,165.8,150.4,690.0,691.1,680.2
Georgia,Albany(2),62.2,62.8,60.0,–,–,–,–,–,–,–,–,–,12.4,12.6,12.2,–,–,–,–,–,–,–,–,–,–,–,–,–,–,–,–,–,–,12.3,12.3,11.9
Georgia,Athens-Clarke County(2),98.3,97.8,92.1,–,–,–,–,–,–,–,–,–,16.5,16.5,15.7,–,–,–,–,–,–,8.7,8.7,8.3,–,–,–,11.1,11.5,9.4,–,–,–,29.6,28.6,27.7
Georgia,Atlanta-Sandy Springs-Roswell,2785.9,2850.4,2699.7,1.6,1.6,1.6,125.3,130.5,127.8,168.7,171.7,163.7,592.7,605.2,581.9,100.2,102.2,96.1,173.1,177.4,178.7,535.4,548.2,526.3,356.5,369.0,355.4,297.6,304.7,243.2,100.8,104.6,94.0,333.9,335.4,330.9
Georgia,Augusta-Richmond County(1),239.6,243.3,234.8,–,–,–,18.7,20.1,19.9,22.0,23.1,22.5,40.0,40.5,40.0,2.5,2.4,2.2,6.5,6.8,6.4,33.9,32.9,32.0,34.0,35.4,34.7,26.8,27.4,23.4,8.3,8.7,8.0,46.8,45.9,45.6
Georgia,Brunswick(2),44.1,44.0,41.7,–,–,–,–,–,–,–,–,–,8.8,8.4,8.4,–,–,–,–,–,–,–,–,–,–,–,–,–,–,–,–,–,–,8.6,8.8,8.6
Georgia,Columbus(1),122.2,122.5,117.5,–,–,–,4.7,4.8,4.8,11.1,10.9,10.5,18.1,17.7,17.3,1.3,1.3,1.1,13.2,12.9,12.4,14.6,15.0,14.7,15.7,16.1,15.7,14.8,15.1,13.3,4.3,4.3,3.9,24.5,24.3,23.7
Georgia,Dalton(2),67.7,66.6,63.7,–,–,–,–,–,–,24.9,23.8,21.7,13.8,13.5,13.3,–,–,–,–,–,–,6.8,6.7,6.9,–,–,–,–,–,–,–,–,–,6.9,7.0,7.0
Georgia,Gainesville(2),92.3,93.9,92.0,–,–,–,–,–,–,–,–,–,17.2,17.6,17.6,–,–,–,–,–,–,–,–,–,–,–,–,–,–,–,–,–,–,10.7,10.8,10.7
Georgia,Hinesville(2),20.7,21.2,20.5,–,–,–,–,–,–,–,–,–,–,–,–,–,–,–,–,–,–,–,–,–,–,–,–,–,–,–,–,–,–,7.9,7.9,7.9
Georgia,Macon-Bibb County(2),102.8,102.9,98.2,–,–,–,–,–,–,–,–,–,19.9,19.5,18.8,–,–,–,10.1,9.8,9.7,11.9,12.1,11.2,21.5,21.7,20.9,10.3,10.6,9.5,–,–,–,14.6,14.8,14.2
Georgia,Rome(2),41.6,41.8,39.9,–,–,–,–,–,–,6.5,6.2,5.9,7.7,7.7,7.5,–,–,–,–,–,–,–,–,–,10.5,10.7,10.7,–,–,–,–,–,–,5.8,5.7,5.6
Georgia,Savannah(1),185.8,189.9,180.5,–,–,–,8.4,8.2,8.4,18.3,18.7,17.5,42.7,43.4,42.9,1.8,2.8,1.8,6.2,6.4,6.1,23.4,24.2,23.9,26.5,26.7,26.0,26.6,27.1,22.5,7.4,7.6,7.0,24.6,24.8,24.6
Georgia,Valdosta(2),56.1,56.6,55.0,–,–,–,–,–,–,–,–,–,12.4,12.8,13.0,–,–,–,–,–,–,–,–,–,–,–,–,–,–,–,–,–,–,13.2,13.2,12.8
Georgia,Warner Robins(2),75.6,78.1,76.0,–,–,–,–,–,–,–,–,–,11.0,11.2,11.1,–,–,–,–,–,–,–,–,–,–,–,–,–,–,–,–,–,–,27.6,28.1,27.9
Hawaii(1),Total,658.3,658.5,557.1,–,–,–,37.3,37.3,36.0,14.5,14.0,11.9,124.5,125.3,104.5,9.3,8.8,7.2,29.6,29.9,27.3,74.3,74.4,66.1,87.2,87.3,82.3,127.3,126.8,77.9,28.7,28.5,23.3,125.6,126.2,120.8
Hawaii(1),Kahului-Wailuku-Lahaina(1),80.5,80.7,60.8,–,–,–,4.4,4.4,4.2,1.1,1.2,1.0,16.2,16.4,12.9,0.6,0.6,0.4,3.1,3.1,2.4,7.6,7.4,5.5,9.1,9.3,8.8,25.9,25.7,14.2,3.4,3.4,2.7,9.2,9.2,8.8
Hawaii(1),Urban Honolulu(1),473.3,473.9,409.8,–,–,–,27.0,27.0,26.2,11.5,11.0,9.3,87.2,87.9,73.3,7.8,7.4,6.0,22.7,23.0,21.7,56.7,57.3,52.3,65.8,65.6,61.9,75.7,76.0,48.6,21.9,21.7,17.7,97.0,97.1,92.7
Idaho,Total,738.5,760.2,755.1,3.6,3.7,3.7,49.1,52.9,55.8,68.4,69.0,68.2,142.4,144.9,146.4,8.3,8.1,7.4,36.0,36.8,37.5,94.7,97.1,99.0,106.1,111.4,111.5,79.3,83.1,75.8,25.6,26.6,25.5,125.2,126.6,124.3
Idaho,Boise City(1),332.2,345.3,343.8,–,–,–,24.4,26.6,28.6,29.2,29.3,28.5,63.3,65.7,66.6,4.1,3.9,3.6,18.5,19.4,20.3,50.1,51.7,52.9,48.5,51.7,51.8,34.6,36.2,32.0,11.8,12.6,12.1,47.8,48.4,47.5
Idaho,Coeur d'Alene,65.5,67.6,67.3,0.2,0.2,0.2,5.4,5.9,6.1,4.8,5.2,5.0,12.2,12.5,12.7,0.7,0.6,0.6,3.9,3.8,3.9,7.0,7.1,7.3,8.4,8.6,8.5,9.3,9.8,9.2,2.3,2.2,2.1,11.5,11.7,11.7
Idaho,Idaho Falls(1),67.8,70.2,71.2,–,–,–,4.2,4.5,4.6,4.5,4.6,4.8,14.3,14.2,14.3,0.8,0.7,0.6,2.6,2.6,2.6,14.2,14.9,15.5,10.4,11.2,12.0,6.6,6.8,6.4,2.1,2.1,2.1,8.3,8.5,8.4
Idaho,Lewiston,28.5,28.5,28.0,0.2,0.2,0.2,1.5,1.6,1.6,4.2,3.8,4.0,5.1,5.1,5.2,0.4,0.4,0.4,1.5,1.5,1.5,1.4,1.4,1.4,5.4,5.5,5.3,2.7,2.8,2.6,0.9,0.9,0.9,5.3,5.3,5.1
Idaho,Pocatello(1),36.5,37.3,36.8,–,–,–,1.7,1.9,1.9,2.2,2.3,2.3,6.9,6.8,6.8,0.3,0.3,0.2,1.6,1.6,1.6,4.6,4.5,4.4,6.1,6.3,6.4,3.9,4.2,3.9,1.1,1.2,1.1,8.1,8.2,8.3
Idaho,Twin Falls(2),46.5,47.2,46.5,–,–,–,–,–,–,–,–,–,–,–,–,–,–,–,–,–,–,–,–,–,–,–,–,–,–,–,–,–,–,6.4,6.5,6.2
Illinois,Total,6101.7,6124.6,5690.4,7.9,8.3,6.8,226.1,228.1,216.5,587.2,586.1,554.2,1211.5,1205.9,1157.4,94.7,94.8,87.4,402.9,411.4,406.2,947.6,948.6,889.7,932.2,940.0,892.0,617.6,623.2,460.9,254.3,255.5,233.5,819.8,822.9,785.8
Illinois,Bloomington(1),93.2,92.6,87.5,–,–,–,2.8,2.9,2.8,3.4,3.7,3.3,14.4,14.1,13.6,0.5,0.5,0.5,19.7,19.7,19.6,9.7,9.8,9.4,11.0,10.9,10.5,11.8,11.0,8.6,3.6,3.5,3.3,16.4,16.6,15.8
Illinois,Carbondale-Marion(2),57.7,58.2,54.9,–,–,–,–,–,–,–,–,–,–,–,–,–,–,–,–,–,–,–,–,–,–,–,–,–,–,–,–,–,–,16.9,17.2,16.7
Illinois,Champaign-Urbana(1),113.6,115.3,112.4,–,–,–,3.6,3.8,3.7,7.6,7.8,7.5,16.7,16.7,16.1,2.3,2.0,1.8,4.8,4.9,4.6,9.3,9.6,9.7,15.4,16.1,16.3,11.8,12.1,9.8,3.3,3.2,3.2,38.8,39.1,39.5
Illinois,Chicago-Naperville-Elgin,4730.5,4759.1,4404.7,1.6,1.8,1.7,178.9,180.7,168.0,420.1,419.9,398.4,949.1,949.2,907.6,77.7,78.4,73.5,311.1,318.3,315.2,834.0,837.7,782.5,728.6,735.4,699.0,487.9,494.4,358.9,194.4,195.3,177.3,547.2,548.0,522.6
Illinois,Danville(1),27.4,27.3,26.0,–,–,–,0.6,0.6,0.6,4.9,5.0,4.6,6.9,6.7,6.5,0.1,0.1,0.1,1.1,1.1,1.1,2.0,2.0,2.0,2.7,2.6,2.6,2.2,2.2,1.9,1.1,1.2,1.1,5.7,5.8,5.5
Illinois,Davenport-Moline-Rock Island(1)(3),186.1,186.5,174.2,–,–,–,10.0,10.0,9.4,24.0,23.9,22.6,37.3,37.6,36.1,1.6,1.5,1.4,7.3,7.4,7.2,25.4,25.4,23.6,28.2,27.9,25.9,18.9,19.0,15.8,7.4,7.6,7.5,26.0,26.1,24.7
Illinois,Decatur(1),51.8,50.6,47.1,–,–,–,3.1,3.1,3.1,11.1,11.1,10.6,10.6,10.2,9.9,0.4,0.4,0.3,1.9,1.9,1.9,2.7,2.4,2.3,8.8,8.5,7.7,5.1,4.9,4.0,2.3,2.3,2.1,5.8,5.8,5.3
Illinois,Kankakee(1),45.3,45.9,42.9,–,–,–,1.3,1.4,1.3,6.8,7.3,7.2,10.0,9.6,9.0,0.4,0.4,0.3,1.4,1.5,1.4,4.9,5.2,5.1,8.8,8.7,8.2,4.1,4.3,3.4,1.7,1.6,1.5,5.8,5.9,5.5
Illinois,Peoria(1),172.7,171.2,160.3,–,–,–,7.5,7.7,7.6,23.5,23.3,21.3,32.0,31.4,30.3,2.0,1.9,1.6,7.1,7.1,7.1,22.6,22.6,21.0,31.6,31.1,30.9,18.1,17.6,13.9,7.7,7.8,7.4,20.6,20.7,19.1
Illinois,Rockford(1),153.0,150.6,138.6,–,–,–,5.4,5.5,5.1,32.9,31.9,28.9,29.8,30.1,28.6,1.6,1.6,1.2,5.3,5.0,4.8,15.2,13.3,12.1,24.3,24.9,24.1,14.5,14.6,11.5,8.5,8.6,7.8,15.6,15.3,14.6
Illinois,Springfield(1),109.7,108.3,101.4,–,–,–,3.9,3.7,3.6,3.4,3.3,3.2,17.1,16.4,15.7,2.4,2.6,2.0,6.4,6.4,6.2,11.2,10.7,10.0,21.1,21.5,20.6,11.0,10.7,8.3,6.6,6.2,5.8,26.7,26.9,26.1
Indiana,Total,3138.7,3159.9,2986.7,6.2,6.1,5.3,141.1,145.9,144.1,542.3,541.1,505.1,597.7,601.0,588.9,29.4,28.8,25.7,139.6,142.4,140.2,342.8,346.6,326.0,472.0,480.6,462.9,310.4,313.9,264.4,126.1,127.8,111.6,431.1,425.6,412.4
Indiana,Bloomington(1),77.7,79.0,74.8,–,–,–,2.7,3.0,3.2,9.0,9.6,9.5,10.2,9.9,9.5,1.1,1.0,0.9,3.0,2.9,3.0,5.2,5.5,5.3,10.0,10.7,10.8,8.8,8.8,7.1,2.4,2.5,2.0,25.3,25.0,23.5
Indiana,Columbus(1),52.9,53.1,49.5,–,–,–,1.8,1.8,1.7,19.9,20.1,18.5,7.9,7.7,7.4,0.3,0.3,0.3,1.5,1.5,1.5,5.7,5.7,4.9,4.4,4.4,4.3,4.1,4.1,3.6,1.4,1.5,1.4,6.1,6.1,5.9
Indiana,Elkhart-Goshen(1),142.1,137.5,128.8,–,–,–,3.9,4.2,4.0,71.1,66.2,61.7,20.0,20.2,19.5,0.4,0.4,0.4,3.0,3.2,3.1,11.0,10.3,9.3,12.1,12.2,11.5,7.8,7.8,6.6,4.2,4.3,4.2,8.7,8.7,8.5
Indiana,Evansville(1),161.3,161.3,150.5,–,–,–,10.6,10.2,9.5,23.5,23.4,21.9,31.2,31.0,29.8,1.8,1.9,1.7,5.4,5.6,5.7,20.0,20.3,18.2,28.5,28.6,27.6,16.2,16.3,13.9,7.7,7.7,6.5,16.5,16.4,15.8
Indiana,Fort Wayne(1),224.8,227.9,215.3,–,–,–,11.2,11.5,11.6,36.9,38.0,34.5,43.4,44.0,43.0,2.6,2.4,2.1,12.0,12.1,12.1,21.9,22.2,21.2,42.1,42.3,41.7,21.2,21.7,18.4,11.9,12.6,10.4,21.5,21.1,20.3
Indiana,Indianapolis-Carmel-Anderson,1073.8,1093.3,1044.6,0.7,0.7,0.7,51.1,53.8,55.3,92.0,94.2,89.8,226.0,228.8,224.5,13.7,13.6,12.1,69.8,71.9,70.8,171.6,173.2,165.6,160.7,164.4,160.4,109.2,110.9,90.6,45.9,45.9,39.8,133.1,136.2,135.0
Indiana,Kokomo(1),40.7,39.8,37.5,–,–,–,1.1,1.2,1.3,11.7,11.3,10.9,6.7,6.6,6.3,0.2,0.2,0.2,1.2,1.2,1.2,–,–,–,–,–,–,4.5,4.5,3.8,1.8,2.0,1.8,4.9,4.7,4.4
Indiana,Lafayette-West Lafayette(1),106.0,106.3,98.8,–,–,–,3.5,3.8,3.8,19.2,19.8,18.5,14.7,14.6,13.9,0.8,0.8,0.6,3.5,3.3,3.2,8.1,8.0,7.1,12.7,13.3,13.2,10.1,10.2,8.8,4.6,4.5,4.1,28.9,28.1,25.5
Indiana,Michigan City-La Porte(1),41.1,41.4,39.3,–,–,–,2.1,2.0,2.0,7.8,8.1,7.7,8.2,8.1,8.0,0.2,0.2,0.2,1.2,1.3,1.2,2.9,2.8,2.6,5.6,5.7,5.6,5.4,5.5,4.6,1.3,1.2,1.1,6.4,6.5,6.2
Indiana,Muncie(1),50.7,50.3,47.5,–,–,–,1.7,1.8,1.6,4.2,4.1,3.4,8.8,8.6,8.3,0.3,0.3,0.3,2.3,2.3,2.2,–,–,–,9.2,9.2,9.2,5.3,5.4,4.7,1.8,1.9,1.8,12.2,11.5,11.1
Indiana,South Bend-Mishawaka(1),144.9,146.6,134.1,–,–,–,5.7,6.0,5.5,17.7,17.3,15.7,25.7,26.0,24.9,1.4,1.4,1.2,5.8,6.1,5.9,13.8,14.3,13.4,39.1,39.7,35.5,14.9,14.8,12.2,6.0,6.2,5.1,14.8,14.9,14.5
Indiana,Terre Haute(1),68.3,67.6,63.8,–,–,–,3.8,3.7,3.6,10.6,10.0,9.0,12.4,12.4,12.3,0.6,0.5,0.5,2.5,2.5,2.4,4.7,4.5,3.9,11.9,12.1,11.8,7.6,7.6,6.6,2.9,2.8,2.4,11.3,11.5,11.3
Iowa,Total,1583.6,1587.2,1506.3,2.5,2.4,2.3,77.3,78.1,76.8,222.6,226.1,216.6,312.5,310.6,300.8,22.1,21.3,19.1,110.0,110.1,109.4,139.6,139.6,134.5,235.0,236.1,222.2,143.9,144.4,117.8,57.5,58.1,54.7,260.6,260.6,252.1
Iowa,Ames(2),53.5,53.0,50.6,–,–,–,–,–,–,–,–,–,–,–,–,–,–,–,–,–,–,–,–,–,–,–,–,–,–,–,–,–,–,21.4,21.0,20.7
Iowa,Cedar Rapids(1),145.2,146.1,136.8,–,–,–,8.1,8.1,8.0,19.8,20.4,19.4,32.0,32.0,30.3,3.9,3.5,3.1,10.8,11.4,11.2,15.3,15.0,14.2,21.2,21.6,20.4,12.3,12.3,9.9,5.1,5.1,4.8,16.7,16.6,15.5
Iowa,Des Moines-West Des Moines(1),370.2,374.1,356.9,–,–,–,20.4,20.4,20.7,20.8,21.2,20.4,69.4,69.5,66.9,6.8,6.6,6.2,56.3,56.3,56.9,49.5,50.4,49.3,53.0,53.9,50.3,36.5,37.1,29.1,13.0,13.7,12.8,44.6,44.9,44.4
Iowa,Dubuque(2),60.6,60.7,57.5,–,–,–,–,–,–,–,–,–,12.4,12.4,12.1,–,–,–,–,–,–,–,–,–,–,–,–,–,–,–,–,–,–,4.8,4.8,4.6
Iowa,Iowa City(2),101.3,101.3,95.5,–,–,–,–,–,–,–,–,–,16.8,16.7,16.0,–,–,–,–,–,–,6.4,6.2,6.0,–,–,–,10.4,10.2,7.9,–,–,–,39.3,40.0,39.3
Iowa,Sioux City(2),88.2,88.5,84.3,–,–,–,–,–,–,17.5,17.9,17.4,19.1,19.0,18.3,–,–,–,–,–,–,7.8,8.0,7.7,–,–,–,8.3,8.2,7.1,–,–,–,10.7,10.7,10.3
Iowa,Waterloo-Cedar Falls(2),90.9,90.9,85.8,–,–,–,–,–,–,16.7,16.6,15.8,17.4,17.5,17.1,–,–,–,4.8,4.9,4.8,6.8,6.6,6.4,14.3,14.7,13.7,7.9,7.8,6.7,–,–,–,14.4,14.0,13.0
Kansas,Total,1415.7,1423.8,1358.6,6.8,6.7,5.9,61.6,63.6,63.4,166.9,170.6,159.0,268.8,267.1,259.7,18.7,18.2,16.9,77.3,77.7,77.0,177.7,176.0,169.1,199.9,202.9,197.9,129.4,130.0,110.3,51.0,51.5,48.5,257.7,259.4,250.9
Kansas,Lawrence(2),53.1,53.1,48.7,–,–,–,–,–,–,–,–,–,7.6,7.4,7.0,–,–,–,–,–,–,5.3,5.2,5.2,5.7,5.8,5.4,7.1,7.1,5.4,–,–,–,15.9,15.6,14.9
Kansas,Manhattan(2),42.6,42.3,39.2,–,–,–,–,–,–,–,–,–,–,–,–,–,–,–,–,–,–,–,–,–,–,–,–,–,–,–,–,–,–,13.7,13.3,12.3
Kansas,Topeka(1),112.1,111.5,107.1,–,–,–,5.6,5.4,5.4,7.8,8.1,8.0,17.1,16.7,16.7,1.4,1.3,1.2,7.9,7.5,7.0,13.4,12.8,12.3,18.6,19.2,18.7,8.8,8.8,7.4,4.9,4.8,4.6,26.7,26.9,26.0
Kansas,Wichita(1),299.5,306.1,287.5,–,–,–,16.6,16.9,16.9,52.4,54.9,46.5,50.7,50.6,48.3,4.2,3.9,3.6,11.4,11.8,11.8,34.7,35.7,34.0,45.0,46.8,46.9,32.6,33.1,28.7,10.4,10.5,10.2,41.6,41.9,40.7
Kentucky,Total,1930.4,1945.4,1835.4,10.1,10.2,7.5,78.0,80.5,77.8,251.6,252.2,235.7,403.4,404.8,394.9,22.0,21.7,20.3,93.2,93.8,92.8,217.2,216.2,206.8,278.3,285.8,274.3,198.1,201.8,165.6,65.7,66.7,61.5,313.0,311.6,298.3
Kentucky,Bowling Green(1),76.9,77.2,71.7,–,–,–,3.2,3.4,3.3,12.9,12.9,12.1,14.0,14.0,13.6,–,–,–,–,–,–,9.5,9.6,8.7,10.8,11.2,11.0,9.0,9.2,7.2,–,–,–,12.0,11.8,11.3
Kentucky,Elizabethtown-Fort Knox(1),56.4,56.5,52.3,–,–,–,1.9,2.0,1.9,8.1,8.1,7.3,9.2,9.3,8.9,–,–,–,–,–,–,5.5,5.3,4.9,5.0,5.2,5.0,5.8,6.0,5.1,–,–,–,15.4,15.3,14.7
Kentucky,Lexington-Fayette(1),276.4,279.0,264.2,–,–,–,12.9,13.9,13.5,30.8,30.3,28.3,51.7,52.0,50.0,2.8,2.7,2.5,9.9,10.0,9.8,38.0,37.7,37.8,36.5,37.0,34.7,31.8,32.4,25.7,9.8,10.1,9.5,52.3,53.0,52.5
Kentucky,Louisville/Jefferson County(1),670.7,674.6,635.7,–,–,–,29.9,29.7,28.0,82.7,83.1,78.5,149.6,151.1,149.4,9.2,9.0,8.3,46.1,46.9,47.2,87.4,87.0,81.1,95.3,97.3,93.4,69.6,70.5,55.3,25.8,25.9,23.4,75.2,74.1,71.1
Kentucky,Owensboro(1),53.0,53.2,49.8,–,–,–,2.5,2.7,2.3,8.6,8.9,8.6,10.1,10.1,9.5,0.3,0.4,0.3,3.7,3.5,3.4,4.7,4.5,4.1,9.6,9.7,9.5,5.1,5.1,4.3,1.8,1.7,1.4,6.7,6.7,6.3
Louisiana,Total,1990.6,1993.6,1837.3,36.7,36.7,30.8,152.0,142.1,120.6,135.7,137.9,131.5,381.2,379.4,360.1,22.9,22.5,18.2,93.9,94.3,89.5,213.1,216.2,204.0,315.4,321.6,310.2,236.4,237.6,188.7,73.5,74.0,65.6,330.0,331.2,318.0
Louisiana,Alexandria(2),62.0,62.1,59.5,–,–,–,–,–,–,–,–,–,11.1,11.1,10.8,–,–,–,–,–,–,–,–,–,–,–,–,–,–,–,–,–,–,13.8,13.8,13.5
Louisiana,Baton Rouge,412.0,413.0,383.7,0.9,1.0,0.9,54.8,49.8,41.1,29.7,30.2,29.2,70.8,71.1,67.5,5.2,5.1,4.5,18.4,18.5,17.1,47.7,49.3,47.6,53.6,54.5,52.1,40.1,40.2,33.1,16.7,17.0,15.0,74.2,76.4,75.7
Louisiana,Hammond(2),45.9,46.3,45.0,–,–,–,–,–,–,–,–,–,–,–,–,–,–,–,–,–,–,–,–,–,–,–,–,–,–,–,–,–,–,11.8,11.9,11.5
Louisiana,Houma-Thibodaux,87.1,87.4,81.9,6.6,6.4,5.2,4.9,4.8,4.3,–,–,–,22.7,22.8,21.8,–,–,–,–,–,–,–,–,–,–,–,–,8.0,8.2,7.4,–,–,–,12.4,12.3,10.8
Louisiana,Lafayette,203.8,205.2,191.0,12.9,13.6,10.8,9.8,9.3,9.3,15.6,16.3,14.5,42.3,41.8,39.7,2.4,2.4,2.1,11.0,11.2,10.4,21.8,21.8,21.1,32.1,32.8,31.8,21.5,21.2,18.5,7.1,7.2,6.6,27.4,27.6,26.2
Louisiana,Lake Charles,118.0,114.5,96.3,0.3,0.3,0.3,27.1,23.6,15.0,10.6,10.7,10.5,18.1,18.3,16.2,–,–,–,–,–,–,10.5,10.3,9.1,–,–,–,15.3,14.9,11.5,–,–,–,15.4,15.3,14.3
Louisiana,Monroe(2),79.2,78.7,74.1,–,–,–,–,–,–,6.5,6.4,5.8,14.4,14.0,13.5,–,–,–,–,–,–,8.2,8.6,8.4,15.9,15.9,15.3,8.4,8.5,7.1,–,–,–,12.5,12.6,12.1
Louisiana,New Orleans-Metairie,578.2,585.3,529.7,4.3,4.3,3.8,30.3,29.2,26.8,29.9,30.1,29.0,113.4,112.7,104.5,7.6,8.1,6.0,30.5,31.3,29.6,74.8,76.4,71.0,99.6,103.2,100.5,90.4,91.9,65.3,24.4,24.4,21.2,72.9,73.7,71.9
Louisiana,Shreveport-Bossier City,181.6,181.1,167.8,5.1,5.0,4.0,8.0,7.8,7.4,10.6,11.0,9.9,37.0,36.6,35.0,2.0,1.8,1.5,7.5,7.5,7.3,18.6,18.5,17.1,32.5,32.7,31.6,23.5,23.5,18.8,6.5,6.5,5.8,30.4,30.3,29.5
Maine,Total,630.6,637.1,596.1,2.2,2.2,2.1,29.4,30.1,30.0,52.1,53.2,50.7,119.2,118.7,111.7,7.4,7.2,6.4,32.1,33.0,32.6,69.4,70.0,68.0,127.3,129.3,124.8,69.0,70.1,51.8,22.2,22.3,20.3,100.3,101.2,97.8
Maine,Bangor,67.5,68.2,64.0,0.2,0.2,0.2,3.3,3.3,3.1,2.4,2.6,2.4,13.8,13.9,13.3,0.8,0.8,0.7,2.3,2.3,2.3,6.6,6.8,7.2,16.2,16.4,15.8,6.8,6.9,4.9,2.2,2.2,2.0,12.8,12.9,12.1
Maine,Lewiston-Auburn(1),51.2,51.4,48.8,–,–,–,2.8,2.9,3.0,5.2,5.2,5.0,10.3,10.4,9.9,0.4,0.4,0.4,2.3,2.3,2.2,6.9,6.7,6.2,12.3,12.3,11.8,3.9,4.1,3.3,1.5,1.5,1.4,5.7,5.7,5.5
Maine,Portland-South Portland(1),210.6,213.1,197.6,–,–,–,10.0,10.2,10.1,14.0,14.4,14.0,39.4,38.8,35.8,3.4,3.3,2.9,16.5,17.1,17.0,29.3,29.8,28.8,42.2,43.3,41.7,24.4,24.8,17.5,8.1,8.1,7.1,23.4,23.5,22.7
Maryland,Total,2751.7,2769.9,2581.3,1.3,1.3,1.3,163.3,166.4,160.2,110.0,112.7,108.4,470.7,469.4,446.1,35.9,35.6,32.8,146.1,143.5,137.1,453.0,461.7,441.4,468.6,474.2,443.1,282.3,283.0,211.2,114.4,114.8,101.3,506.1,507.4,498.4
Maryland,Baltimore-Columbia-Towson(1),1417.3,1427.5,1333.2,–,–,–,80.6,81.8,79.7,57.7,59.5,58.1,246.5,247.8,237.6,17.3,17.4,16.6,80.1,79.4,77.1,239.0,244.9,232.4,278.3,280.4,264.3,138.9,139.0,101.6,52.0,51.6,44.8,227.0,225.7,221.1
Maryland,California-Lexington Park(2),46.2,47.1,46.9,–,–,–,–,–,–,–,–,–,–,–,–,–,–,–,–,–,–,–,–,–,–,–,–,–,–,–,–,–,–,14.9,15.4,15.2
Maryland,Cumberland(2),39.1,38.9,36.0,–,–,–,–,–,–,–,–,–,–,–,–,–,–,–,–,–,–,–,–,–,–,–,–,–,–,–,–,–,–,8.0,8.1,7.8
Maryland,Hagerstown-Martinsburg(1),105.6,105.5,99.1,–,–,–,4.7,4.3,4.0,8.9,9.5,9.3,27.0,26.7,25.8,2.1,2.1,1.7,6.4,5.7,5.1,9.4,9.8,9.7,16.3,16.6,15.7,10.2,10.3,8.3,2.8,2.9,2.5,17.8,17.6,17.0
Massachusetts,Total,3649.9,3700.8,3367.6,1.1,1.1,1.0,158.6,162.9,152.3,242.4,244.2,229.8,580.0,580.1,528.9,91.4,93.1,88.8,222.1,223.2,217.0,589.3,604.4,580.6,796.3,814.5,756.6,375.4,379.7,261.4,139.1,140.2,113.5,454.2,457.4,437.8
Massachusetts,Barnstable Town(1),106.9,107.2,94.8,–,–,–,6.9,7.2,6.9,3.3,3.4,3.3,21.6,21.5,19.5,1.5,1.4,1.2,3.9,3.9,3.6,9.4,9.6,9.1,20.1,19.9,17.7,19.7,19.8,14.6,4.6,4.7,3.9,15.9,15.9,14.8
Massachusetts,Boston-Cambridge-Nashua(1),2773.6,2821.8,2571.9,–,–,–,118.1,122.5,113.7,187.2,188.3,177.9,425.8,427.4,388.2,80.5,82.0,79.3,185.1,186.4,181.1,504.6,518.6,500.2,578.7,595.9,553.8,277.7,281.8,192.0,104.2,105.1,85.1,311.8,313.8,300.7
Massachusetts,Leominster-Gardner(1),53.9,53.7,48.5,–,–,–,2.1,2.1,2.0,6.8,6.7,6.3,10.8,10.7,9.6,0.4,0.4,0.3,1.7,1.7,1.6,4.4,4.0,3.8,11.0,11.2,10.6,6.0,6.0,4.3,1.7,1.7,1.4,9.0,9.2,8.6
Massachusetts,New Bedford(1),66.4,67.4,60.9,–,–,–,2.6,2.6,2.5,7.0,7.3,6.2,11.7,11.7,10.8,0.4,0.4,0.4,1.8,1.8,1.6,5.5,5.7,5.4,17.4,17.6,15.9,7.1,7.1,5.7,2.4,2.5,2.1,10.6,10.7,10.2
Massachusetts,Pittsfield(1),41.2,40.9,36.3,–,–,–,2.1,2.1,2.0,3.2,3.2,2.8,6.9,7.1,6.5,0.8,0.8,0.7,2.0,1.9,1.8,4.5,4.3,4.3,9.2,9.2,8.5,5.5,5.3,3.5,1.7,1.7,1.2,5.4,5.4,5.1
Massachusetts,Springfield(1),337.0,339.5,306.6,–,–,–,11.7,11.8,11.5,29.1,29.6,28.3,60.2,60.1,55.7,3.3,3.1,2.7,16.5,16.2,15.1,27.1,26.6,24.0,82.1,83.5,76.4,32.1,32.9,23.0,13.0,13.2,10.7,62.0,62.5,59.3
Worcester(1),Worcester(1),288.5,290.4,266.7,–,–,–,11.4,11.2,10.5,27.9,28.1,26.3,53.1,52.7,49.8,3.6,3.3,2.9,14.6,14.4,14.0,29.0,29.4,27.6,68.5,70.4,65.7,25.6,25.7,19.2,10.9,10.9,8.8,43.9,44.3,41.9
Michigan,Total,4426.1,4442.7,4032.5,7.3,7.3,6.5,169.1,173.6,164.8,628.6,626.3,557.1,790.9,794.9,746.5,56.0,55.4,50.4,220.8,225.1,223.3,659.4,654.6,596.2,685.9,689.1,639.7,433.6,435.5,323.1,166.0,166.6,143.4,608.5,614.3,581.5
Michigan,Ann Arbor(1),224.6,229.0,210.6,–,–,–,4.4,4.9,4.5,15.0,14.6,12.7,26.2,27.1,25.1,5.6,5.9,6.0,7.0,6.8,6.5,30.1,30.6,29.1,28.9,29.9,27.8,18.3,18.4,13.0,6.4,6.4,5.5,82.6,84.4,80.4
Michigan,Battle Creek(1),58.4,57.7,52.4,–,–,–,1.7,1.7,1.7,11.8,11.4,10.1,8.9,9.0,8.8,–,–,–,1.2,1.2,1.1,6.3,6.2,5.2,11.0,10.7,9.8,4.4,4.6,3.7,2.0,2.0,1.8,10.7,10.6,10.0
Michigan,Bay City(1),35.3,35.2,32.5,–,–,–,1.3,1.4,1.3,4.5,4.6,4.5,7.5,7.3,6.8,0.4,0.3,0.3,1.3,1.3,1.3,2.6,2.4,2.5,6.6,6.5,6.0,4.4,4.5,3.6,1.3,1.3,1.0,5.5,5.7,5.3
Michigan,Detroit-Warren-Dearborn(1),2033.4,2043.6,1841.0,–,–,–,74.3,76.2,72.7,259.5,257.5,225.7,375.1,380.1,352.5,28.7,28.3,25.7,118.0,121.6,121.8,398.2,393.6,361.1,316.7,319.5,292.1,200.2,201.3,144.6,75.1,75.6,63.8,187.6,189.9,181.1
Michigan,Flint(1),138.4,138.7,126.2,–,–,–,5.7,5.8,5.3,12.5,13.2,12.3,29.5,28.8,26.0,1.4,1.3,1.1,6.1,6.0,5.9,16.8,17.0,16.0,26.8,26.8,24.9,15.4,15.7,12.4,5.4,5.3,4.7,18.9,18.8,17.7
Michigan,Grand Rapids-Wyoming(1),565.2,569.0,521.8,–,–,–,24.9,25.8,24.5,118.0,119.0,107.4,97.5,98.3,94.2,6.6,6.6,5.7,26.4,27.0,26.6,79.1,77.5,69.3,93.3,94.0,90.8,49.8,49.9,37.1,22.2,22.8,19.9,47.4,48.1,46.3
Michigan,Jackson(1),58.6,58.8,53.9,–,–,–,2.0,2.1,2.0,10.0,10.0,8.8,12.4,12.3,11.8,0.3,0.3,0.2,2.1,2.2,2.2,5.8,5.9,5.0,10.4,10.2,10.0,5.3,5.2,4.1,2.5,2.6,2.2,7.9,8.1,7.7
Michigan,Kalamazoo-Portage(1),150.1,150.9,138.9,–,–,–,6.3,6.5,6.4,22.8,23.1,21.6,26.7,26.4,25.2,0.9,0.8,0.8,8.3,8.2,7.8,17.6,17.8,15.7,24.7,25.3,24.5,16.3,16.2,12.6,5.2,5.3,4.8,21.2,21.3,19.5
Michigan,Lansing-East Lansing(1),237.2,237.7,216.6,–,–,–,8.0,8.2,8.0,20.1,19.3,17.8,37.1,36.4,33.5,2.9,3.0,3.1,16.6,17.2,17.3,24.0,24.3,21.9,32.4,32.6,30.7,19.3,19.4,13.8,10.4,10.2,8.8,66.3,67.2,61.7
Michigan,Midland(2),37.9,37.4,34.9,–,–,–,–,–,–,–,–,–,–,–,–,–,–,–,–,–,–,–,–,–,–,–,–,–,–,–,–,–,–,2.9,3.0,2.8
Michigan,Monroe(1),41.7,41.4,37.5,–,–,–,2.0,1.9,1.8,5.6,5.7,5.2,10.8,10.7,10.1,–,–,–,1.0,0.9,0.9,5.5,5.5,4.8,5.2,5.1,4.5,4.5,4.5,3.6,1.4,1.5,1.4,5.3,5.3,5.0
Michigan,Muskegon(1),65.1,64.3,57.9,–,–,–,2.4,2.5,2.3,13.9,13.9,11.8,13.8,13.6,13.2,0.4,0.4,0.3,1.7,1.8,1.7,3.7,3.5,3.0,12.0,11.7,10.6,7.6,7.5,6.3,2.2,2.2,1.8,7.3,7.2,6.9
Michigan,Niles-Benton Harbor(1),62.4,63.1,57.6,–,–,–,2.4,2.5,2.1,13.2,13.2,11.7,10.7,10.6,10.2,0.5,0.5,0.4,2.5,2.5,2.5,5.6,5.7,5.3,9.4,9.6,9.3,7.6,7.6,5.9,2.3,2.4,2.0,8.5,8.6,8.1
Michigan,Saginaw(1),88.0,87.7,78.9,–,–,–,3.0,3.2,3.0,12.6,12.2,10.6,16.9,16.8,15.4,1.4,1.3,1.1,3.7,3.8,3.7,11.2,11.2,10.0,16.0,16.0,15.4,9.1,9.0,6.7,3.2,3.1,2.6,11.0,11.1,10.5
Minnesota,Total,2963.5,2983.2,2776.2,6.6,6.6,6.1,121.9,127.3,123.3,321.9,324.1,308.7,533.7,530.3,501.8,47.3,46.8,42.7,191.0,194.3,193.6,382.0,383.3,358.7,546.0,554.4,532.3,273.4,275.8,203.1,113.9,114.5,99.6,425.7,425.9,406.4
Minnesota,Duluth(1),137.5,137.2,126.7,–,–,–,9.3,9.6,8.9,7.9,8.2,7.7,24.7,24.4,23.3,1.3,1.3,1.1,5.8,5.6,5.2,7.7,7.7,7.5,33.0,33.0,31.3,14.8,14.8,11.5,6.6,6.4,5.5,26.4,26.2,24.7
Minnesota,Mankato-North Mankato(2),58.3,58.7,54.6,–,–,–,–,–,–,–,–,–,–,–,–,–,–,–,–,–,–,–,–,–,–,–,–,–,–,–,–,–,–,9.5,9.6,9.4
Minnesota,Minneapolis-St. Paul-Bloomington(1),2019.8,2036.0,1887.0,–,–,–,82.6,86.6,83.7,198.8,200.8,192.3,358.1,357.0,335.7,35.7,35.5,32.7,156.3,159.9,160.5,329.4,330.5,309.3,340.0,345.1,328.5,190.4,191.9,136.2,78.8,78.9,68.3,249.8,249.8,239.7
Minnesota,Rochester(1),122.6,124.1,118.5,–,–,–,4.7,5.1,5.0,10.8,11.1,10.4,17.9,17.5,16.7,1.7,1.5,1.4,2.8,2.8,2.8,6.1,5.7,5.5,50.8,52.0,51.6,11.2,11.5,9.1,3.8,3.9,3.5,12.9,13.1,12.6
Minnesota,St. Cloud(1),110.3,110.7,103.9,–,–,–,6.6,7.0,7.2,15.4,15.6,14.2,22.9,22.6,21.1,1.4,1.5,1.4,5.3,5.5,5.5,10.2,9.4,8.1,21.1,21.7,21.3,8.4,8.3,6.7,3.9,4.1,3.5,15.1,15.2,14.9
Mississippi,Total,1153.8,1158.6,1108.7,6.9,6.8,5.9,43.8,44.6,44.0,145.0,146.8,139.4,231.5,231.2,227.8,11.0,10.7,9.6,44.5,44.5,43.0,109.5,108.4,106.2,145.1,146.8,139.5,134.8,136.3,118.1,41.1,40.5,39.1,240.8,241.9,236.1
Mississippi,Gulfport-Biloxi-Pascagoula(1),155.0,156.3,149.9,–,–,–,8.0,7.9,7.4,17.3,17.2,17.7,24.6,24.7,23.9,1.3,1.4,1.2,5.3,5.2,5.1,15.3,16.0,16.1,13.2,13.1,12.1,31.1,31.7,27.1,5.4,5.3,5.0,33.3,33.9,34.4
Mississippi,Hattiesburg(2),65.1,65.5,63.0,–,–,–,–,–,–,4.5,4.8,4.6,14.1,13.7,13.0,–,–,–,–,–,–,–,–,–,–,–,–,8.2,8.4,7.3,–,–,–,14.5,14.7,14.1
Mississippi,Jackson,279.2,279.7,264.7,1.2,1.0,0.8,9.8,10.2,10.5,20.6,20.5,18.6,52.9,52.6,50.3,3.6,3.5,3.2,15.9,15.7,15.0,34.3,33.9,33.4,44.3,44.8,42.0,26.3,27.0,22.9,13.6,13.4,12.6,56.8,57.1,55.4
Missouri,Total,2892.7,2914.6,2774.0,4.4,4.4,4.4,122.7,126.6,126.0,272.9,277.4,265.6,545.0,543.9,527.1,49.1,48.2,44.9,172.1,175.4,174.3,384.3,382.5,364.9,485.7,493.4,479.5,305.6,308.9,252.7,116.0,116.8,110.1,434.8,437.2,424.7
Missouri,Cape Girardeau(2),44.8,45.2,43.3,–,–,–,–,–,–,–,–,–,–,–,–,–,–,–,–,–,–,–,–,–,–,–,–,–,–,–,–,–,–,6.3,6.4,6.2
Missouri,Columbia(2),100.4,100.7,96.0,–,–,–,–,–,–,–,–,–,15.4,15.3,15.0,–,–,–,–,–,–,–,–,–,–,–,–,–,–,–,–,–,–,29.7,29.8,28.6
Missouri,Jefferson City(2),77.0,78.2,76.3,–,–,–,–,–,–,–,–,–,14.1,14.0,13.4,–,–,–,–,–,–,–,–,–,–,–,–,–,–,–,–,–,–,24.6,24.7,24.2
Missouri,Joplin(2),80.5,81.0,76.7,–,–,–,–,–,–,13.4,13.6,13.1,20.6,20.9,18.9,–,–,–,–,–,–,–,–,–,13.3,13.6,13.2,–,–,–,–,–,–,9.4,9.4,9.1
Missouri,Kansas City(1),1088.9,1097.9,1050.4,–,–,–,50.3,52.7,52.6,79.7,81.1,78.7,217.5,218.9,210.3,16.9,16.3,15.0,78.4,79.4,79.4,189.8,188.0,182.6,156.5,159.2,154.8,110.6,111.9,90.6,42.5,42.8,40.4,146.8,147.5,146.1
Missouri,St. Joseph(2),62.5,62.5,60.3,–,–,–,–,–,–,–,–,–,10.9,10.7,10.6,–,–,–,–,–,–,–,–,–,–,–,–,–,–,–,–,–,–,11.7,11.6,10.8
Missouri,St. Louis(1)(4),1394.3,1406.1,1327.5,–,–,–,66.8,68.5,66.0,116.9,119.1,113.5,260.4,258.7,254.3,27.4,27.2,25.4,91.3,92.6,90.6,213.3,213.6,204.9,260.1,264.5,254.4,152.4,152.7,119.5,51.1,51.8,47.0,154.6,157.5,151.8
Missouri,Springfield(1),215.8,219.2,211.8,–,–,–,8.9,9.4,9.7,16.5,17.0,16.6,49.4,49.2,48.1,4.2,4.0,3.8,11.7,11.7,11.6,24.8,24.2,23.3,39.5,41.0,40.7,21.9,22.8,19.6,8.9,9.0,8.6,30.0,30.6,29.6
Montana,Total,478.7,484.5,469.5,7.2,7.3,6.7,29.1,30.0,30.6,20.6,21.0,20.4,94.5,94.1,92.3,6.4,6.2,5.8,25.5,26.5,26.3,42.3,43.3,43.5,77.9,79.0,77.8,66.1,67.2,58.9,18.9,19.2,18.1,90.3,90.8,89.1
Montana,Billings(2),85.4,85.6,83.7,–,–,–,–,–,–,–,–,–,20.6,20.5,20.2,–,–,–,–,–,–,8.9,8.5,8.7,15.2,15.5,15.5,12.0,12.1,10.9,–,–,–,9.6,9.6,9.6
Montana,Great Falls(2),35.8,36.0,34.3,–,–,–,–,–,–,–,–,–,7.9,7.6,7.4,–,–,–,–,–,–,3.2,3.4,3.2,7.4,7.6,7.3,4.8,4.9,4.2,–,–,–,5.5,5.4,5.4
Montana,Missoula(2),62.3,63.1,60.3,–,–,–,–,–,–,–,–,–,12.7,12.7,12.1,–,–,–,–,–,–,6.9,7.1,6.9,10.6,10.9,10.7,8.5,8.4,7.2,–,–,–,10.7,10.8,10.4
Nebraska,Total,1023.8,1026.9,989.3,1.1,1.1,1.0,52.4,53.8,55.0,99.7,99.8,97.5,201.4,198.2,191.7,17.6,17.3,16.2,74.1,75.0,74.6,119.0,120.1,117.0,155.9,156.7,153.0,92.6,93.9,79.4,37.0,37.2,35.5,173.2,173.7,168.4
Nebraska,Grand Island(2),42.6,42.2,40.3,–,–,–,–,–,–,–,–,–,–,–,–,–,–,–,–,–,–,–,–,–,–,–,–,–,–,–,–,–,–,6.6,6.6,6.3
Nebraska,Lincoln(1),192.1,193.1,185.1,–,–,–,9.2,9.4,9.7,13.4,13.5,12.9,34.1,33.7,32.4,3.3,3.4,3.2,13.1,12.9,12.7,21.3,21.8,21.6,30.1,30.5,29.9,19.2,19.4,15.4,7.2,7.2,6.9,41.0,41.5,40.5
Nebraska,Omaha-Council Bluffs(1),502.7,507.0,485.7,–,–,–,28.7,30.5,30.4,33.9,33.6,33.0,96.8,96.1,91.8,11.2,10.5,9.9,45.0,46.0,45.5,71.7,73.1,70.9,79.7,79.7,78.0,50.7,52.0,43.3,18.5,18.6,17.7,66.5,66.9,65.2
Nevada,Total,1383.8,1421.9,1274.4,14.6,14.7,14.9,89.4,96.2,93.7,55.6,59.2,56.1,255.4,262.2,256.0,15.7,15.7,13.5,67.5,68.9,66.7,189.9,197.0,180.0,139.7,144.8,141.2,352.8,356.1,255.9,41.6,41.8,36.8,161.8,165.3,159.6
Nevada,Carson City(2),30.1,30.7,29.5,–,–,–,–,–,–,2.6,2.7,2.5,4.2,4.3,4.3,–,–,–,–,–,–,2.1,2.2,2.2,–,–,–,3.6,3.7,3.0,–,–,–,9.6,9.6,9.2
Nevada,Las Vegas-Henderson-Paradise,1007.2,1037.2,909.1,0.4,0.4,0.4,63.7,69.9,67.6,24.6,25.8,24.0,179.7,185.1,179.9,11.6,11.5,9.5,52.4,53.8,51.6,145.2,152.4,134.9,102.6,105.5,102.5,291.7,294.2,207.2,31.9,31.9,27.8,103.4,106.5,103.7
Nevada,Reno,242.8,248.0,235.1,0.3,0.3,0.4,17.9,18.2,18.1,23.3,25.4,24.3,53.2,54.3,52.8,2.9,3.1,2.9,10.9,10.9,11.0,32.3,32.1,32.5,27.2,28.0,27.3,38.4,39.0,30.4,6.4,6.5,5.9,30.0,30.3,29.5
New Hampshire,Total,677.4,684.0,638.3,1.0,1.0,1.0,27.0,27.9,27.8,70.6,71.5,67.3,139.4,139.4,133.2,12.5,12.4,11.7,34.5,34.3,33.9,82.9,83.7,82.0,123.1,125.2,116.9,72.1,73.3,57.1,24.4,25.0,22.1,90.0,90.3,85.4
New Hampshire,Dover-Durham(1),54.1,54.5,50.5,–,–,–,1.7,1.8,1.9,5.6,5.6,4.9,9.2,9.2,8.9,0.7,0.7,0.7,3.0,3.0,3.0,5.5,5.3,5.1,8.5,8.8,8.2,5.3,5.4,4.5,1.9,1.9,1.7,12.7,12.8,11.7
New Hampshire,Manchester(1),116.3,116.8,107.5,–,–,–,5.2,5.5,5.4,7.9,8.0,7.6,20.3,20.2,19.4,3.5,3.5,3.2,8.2,8.0,7.8,17.4,17.4,16.2,26.8,26.9,24.5,10.3,10.5,7.8,4.8,4.9,4.1,11.8,11.9,11.5
New Hampshire,Portsmouth(1),93.0,94.2,88.3,–,–,–,2.7,2.7,2.8,8.7,8.8,8.9,17.1,16.9,15.5,2.1,2.2,2.1,5.5,5.4,5.4,13.5,13.9,13.7,14.1,14.3,13.6,12.3,12.4,9.3,2.8,2.9,2.5,14.2,14.6,14.6
New Jersey,Total,4159.2,4197.4,3846.6,1.3,1.4,1.4,158.0,160.7,151.0,249.8,251.2,237.6,881.1,884.4,829.9,71.7,69.6,68.2,251.3,252.2,243.9,676.9,683.0,644.9,707.1,721.3,666.5,387.6,394.5,282.4,171.1,173.4,142.3,603.5,605.8,578.6
New Jersey,Atlantic City-Hammonton(1),130.9,133.3,112.2,–,–,–,5.9,5.6,5.1,2.3,2.4,2.3,20.9,20.4,18.7,0.8,0.6,0.5,3.7,3.9,3.8,10.5,11.1,10.8,21.1,21.6,19.6,39.7,41.5,27.2,5.4,5.5,4.2,20.8,20.8,19.9
New Jersey,Ocean City(2),43.0,43.4,39.4,–,–,–,–,–,–,–,–,–,8.0,7.9,7.5,–,–,–,–,–,–,–,–,–,4.9,4.9,4.5,11.9,12.3,9.7,–,–,–,8.4,8.3,8.0
New Jersey,Trenton(1),276.2,281.3,267.1,–,–,–,5.5,5.7,5.3,10.5,10.9,10.2,38.6,39.0,37.3,4.4,4.3,4.2,20.3,20.1,19.9,47.7,49.7,47.6,49.2,50.4,47.9,15.9,15.9,10.7,10.2,10.2,8.8,73.8,75.1,75.1
New Jersey,Vineland-Bridgeton(1),59.0,59.3,56.0,–,–,–,2.8,2.9,3.0,9.1,8.9,8.3,13.3,13.7,13.3,0.6,0.6,0.6,1.2,1.2,1.1,4.1,4.2,4.7,11.2,11.5,10.6,3.6,3.7,2.9,2.0,1.9,1.4,11.0,10.7,10.2
New Mexico,Total,841.0,855.1,797.3,24.6,25.9,19.8,47.3,50.1,48.4,27.3,28.6,26.8,137.4,136.8,131.2,11.4,11.2,8.9,34.8,35.7,34.3,107.2,111.4,107.0,138.2,139.6,135.1,97.8,99.7,79.1,29.0,29.2,26.4,186.0,186.9,180.4
New Mexico,Albuquerque(1),393.7,398.7,374.5,–,–,–,23.9,24.6,24.5,16.0,16.7,15.6,63.8,63.2,60.2,6.5,6.1,5.2,18.9,19.4,18.9,61.8,64.1,61.3,64.9,65.9,63.7,44.1,44.7,35.1,12.1,12.2,10.9,81.8,81.8,79.0
New Mexico,Farmington(2),47.8,47.5,42.8,–,–,–,–,–,–,–,–,–,–,–,–,–,–,–,–,–,–,–,–,–,–,–,–,–,–,–,–,–,–,10.9,11.1,10.4
New Mexico,Las Cruces(1),73.0,74.1,70.5,–,–,–,3.6,3.8,3.8,2.4,2.7,2.8,10.8,10.9,10.8,0.7,0.7,0.5,2.6,2.6,2.3,8.2,7.7,6.9,15.9,16.2,16.2,8.3,8.4,6.8,1.5,1.5,1.4,19.1,19.6,19.1
New Mexico,Santa Fe(1),62.5,63.3,57.1,–,–,–,2.9,3.0,3.0,0.9,0.9,0.8,9.9,10.0,9.4,0.9,0.9,0.8,2.5,2.5,2.3,5.1,5.5,5.2,11.1,10.6,9.9,11.1,11.6,8.3,3.4,3.4,3.2,14.9,15.0,14.4
New York,Total,9684.9,9786.3,8777.5,5.4,5.3,5.1,400.8,406.6,362.2,444.0,439.9,400.8,1566.5,1556.7,1371.1,283.9,288.1,267.1,723.3,731.3,707.6,1327.0,1352.2,1243.4,2072.7,2135.3,2006.3,960.0,961.8,630.6,414.4,416.0,339.8,1487.0,1493.2,1443.5
New York,Albany-Schenectady-Troy(1),471.7,472.0,437.0,–,–,–,19.7,20.2,19.4,26.7,26.2,25.5,74.6,74.3,69.7,8.6,8.1,7.8,26.6,27.0,26.0,56.5,56.8,54.5,96.4,96.4,90.5,41.6,41.0,28.8,19.4,19.3,15.7,101.6,102.8,99.2
New York,Binghamton(1),104.0,103.2,93.1,–,–,–,4.1,4.2,3.8,11.4,11.1,10.5,18.9,18.7,17.1,1.5,1.5,1.3,3.6,3.5,3.1,9.0,9.1,8.0,17.2,17.4,16.4,10.8,10.4,7.5,5.5,5.5,4.7,22.0,22.0,20.6
New York,Buffalo-Cheektowaga-Niagara Falls(1),564.7,564.7,509.3,–,–,–,20.9,21.2,19.6,52.3,52.5,49.2,100.7,99.5,91.6,7.4,6.9,6.0,36.6,36.6,35.5,72.2,72.7,66.4,98.7,99.2,91.4,61.0,60.3,43.0,25.3,25.8,21.3,89.7,90.0,85.3
New York,Elmira(1),37.1,37.0,34.2,–,–,–,1.5,1.5,1.4,5.1,5.1,4.7,7.8,7.8,7.5,0.4,0.5,0.4,1.3,1.2,1.1,2.0,2.0,1.9,7.5,7.3,6.6,3.6,3.5,2.9,1.6,1.5,1.2,6.4,6.6,6.4
New York,Glens Falls(1),55.3,54.7,49.8,–,–,–,2.6,2.5,2.4,6.0,5.9,5.7,9.4,9.3,8.7,0.9,0.9,0.8,1.8,1.9,1.9,5.4,5.3,5.0,8.6,8.3,7.7,7.8,7.8,5.9,2.4,2.3,1.9,10.4,10.4,9.8
New York,Ithaca(1),64.9,63.7,58.0,–,–,–,1.2,1.3,1.2,3.1,2.8,2.4,6.2,6.0,5.4,0.6,0.5,0.5,1.6,1.7,1.6,3.6,3.7,3.5,33.2,32.5,30.7,5.1,4.8,3.1,1.8,1.8,1.6,8.6,8.6,8.1
New York,Kingston(1),62.8,62.2,56.0,–,–,–,3.0,3.0,2.6,3.4,3.4,3.1,12.0,11.6,10.8,0.9,1.0,0.8,2.4,2.3,2.2,4.6,4.6,4.4,10.8,10.6,9.7,8.4,8.5,6.2,3.0,3.0,2.4,14.3,14.2,13.7
New York,New York-Newark-Jersey City(1),9845.9,9974.9,8963.9,–,–,–,411.9,419.5,373.8,363.4,360.7,327.1,1742.0,1736.9,1540.4,303.1,307.2,289.9,783.7,792.6,765.4,1561.3,1591.8,1472.0,1989.3,2060.6,1931.0,939.9,947.7,620.0,424.9,428.3,348.1,1326.3,1329.6,1296.2
New York,Rochester,539.7,539.7,490.8,0.6,0.7,0.6,21.2,21.9,20.5,56.7,56.9,54.0,84.1,82.5,77.4,8.1,7.8,6.6,22.2,22.4,21.5,69.8,69.0,61.6,131.0,133.0,123.7,47.3,46.9,34.5,19.1,19.1,16.1,79.6,79.7,74.1
New York,Syracuse(1),319.9,320.4,294.2,–,–,–,13.6,13.2,12.5,26.0,26.1,24.5,61.8,60.3,56.2,4.5,4.3,3.7,14.5,14.5,14.3,35.9,35.9,34.5,63.4,65.6,60.8,29.8,29.8,21.1,12.2,11.9,10.2,58.3,58.8,56.4
New York,Utica-Rome(1),127.8,128.6,117.7,–,–,–,3.5,3.4,3.3,11.4,11.4,10.4,20.3,20.4,19.3,1.0,1.0,0.9,7.1,7.4,7.4,8.3,8.1,7.6,28.8,29.2,26.5,10.8,10.9,8.4,4.8,4.8,4.1,31.8,31.9,29.8
New York,Watertown-Fort Drum(1),42.1,41.5,38.0,–,–,–,1.8,1.8,1.7,2.1,2.0,1.8,8.5,8.3,7.7,0.6,0.6,0.5,1.3,1.3,1.3,2.5,2.2,2.0,6.8,7.0,6.6,4.7,4.5,3.7,2.0,2.0,1.6,11.9,11.9,11.3
North Carolina,Total,4491.7,4580.2,4381.3,5.8,5.7,5.7,220.6,231.9,229.1,475.0,477.7,453.0,832.9,847.8,839.1,74.7,75.5,73.4,242.5,250.4,256.3,636.0,650.4,636.4,611.7,626.4,600.6,502.7,514.8,420.0,161.4,166.6,153.8,728.5,733.1,714.0
North Carolina,Asheville(1),195.4,198.7,183.1,–,–,–,9.6,10.1,9.4,22.0,22.3,20.9,36.0,36.7,34.6,2.0,1.9,1.7,6.5,6.4,6.3,18.1,18.3,17.7,38.1,37.6,35.2,29.2,30.3,23.1,8.7,9.5,9.0,25.4,25.7,25.3
North Carolina,Burlington(1),62.6,64.2,60.9,–,–,–,3.0,3.3,3.2,9.3,9.3,8.4,13.2,13.2,12.7,0.4,0.4,0.3,1.8,2.0,2.0,5.0,5.3,5.5,12.6,12.9,12.7,8.1,8.3,7.0,2.2,2.5,2.4,7.0,7.1,6.6
North Carolina,Charlotte-Concord-Gastonia(1),1208.1,1238.2,1190.7,–,–,–,64.7,68.5,68.5,109.6,110.8,102.9,243.3,248.3,246.3,23.8,23.7,23.3,99.4,102.8,109.1,206.7,212.7,207.7,123.7,127.7,121.5,140.5,143.7,116.7,44.3,45.7,42.3,152.2,154.3,152.3
North Carolina,Durham-Chapel Hill(1),321.3,328.4,315.4,–,–,–,8.6,9.1,9.2,32.5,33.5,32.8,38.9,39.3,38.5,4.6,5.2,5.5,15.1,15.4,16.1,44.8,45.5,46.1,70.5,72.8,70.9,28.0,28.6,21.3,11.5,12.0,10.9,66.8,67.1,64.1
North Carolina,Fayetteville(1),130.6,132.0,125.6,–,–,–,5.6,6.0,5.0,8.4,8.7,8.1,23.7,23.4,23.0,1.2,1.1,1.0,3.8,3.8,3.8,11.6,11.8,11.6,15.5,15.5,14.9,16.4,16.9,14.4,4.6,4.7,4.3,39.8,40.1,39.6
North Carolina,Goldsboro(2),41.5,41.4,39.8,–,–,–,–,–,–,–,–,–,–,–,–,–,–,–,–,–,–,–,–,–,–,–,–,–,–,–,–,–,–,9.1,9.2,8.8
North Carolina,Greensboro-High Point(1),360.8,364.4,342.3,–,–,–,15.5,15.8,15.8,54.7,53.6,50.1,75.5,78.0,76.1,4.6,4.7,4.4,18.4,18.8,18.4,48.5,48.1,44.8,51.1,51.9,49.6,36.4,37.8,30.1,12.6,12.7,11.4,43.4,43.0,41.7
North Carolina,Greenville(1),80.5,81.1,78.0,–,–,–,3.4,3.7,3.3,6.5,6.6,6.5,11.6,11.8,11.4,0.7,0.6,0.5,2.9,2.5,2.4,6.8,6.7,6.7,9.6,9.5,9.3,9.6,9.6,8.1,2.3,2.3,2.1,27.2,27.9,27.5
North Carolina,Hickory-Lenoir-Morganton(1),154.6,155.5,147.9,–,–,–,4.3,4.6,4.7,42.3,41.9,38.9,29.8,30.3,30.2,0.8,0.7,0.7,3.1,3.2,3.2,14.1,13.9,13.0,19.1,19.3,18.5,14.1,14.3,12.4,4.7,4.7,4.4,22.5,22.6,21.9
North Carolina,Jacksonville(2),49.3,49.9,48.6,–,–,–,–,–,–,–,–,–,–,–,–,–,–,–,–,–,–,–,–,–,–,–,–,–,–,–,–,–,–,14.3,14.2,14.1
North Carolina,New Bern(2),44.6,45.2,43.6,–,–,–,–,–,–,–,–,–,–,–,–,–,–,–,–,–,–,–,–,–,–,–,–,–,–,–,–,–,–,14.0,14.3,14.1
North Carolina,Raleigh(1),630.2,645.9,624.1,–,–,–,40.1,41.2,41.8,30.9,31.3,30.2,111.7,112.7,113.9,22.2,22.5,22.2,32.5,33.6,33.5,120.2,124.1,125.4,78.7,82.0,78.9,71.1,73.4,57.1,25.8,26.7,25.0,97.0,98.3,96.1
North Carolina,Rocky Mount(1),55.9,56.1,53.1,–,–,–,2.5,2.7,2.5,10.1,10.3,10.1,11.8,11.7,11.5,–,–,–,–,–,–,4.9,4.9,4.7,6.7,6.8,6.2,5.3,5.3,4.7,–,–,–,10.6,10.6,9.9
North Carolina,Wilmington(1),128.2,132.3,126.2,–,–,–,8.8,9.2,9.4,5.8,6.0,5.3,25.0,26.0,25.1,3.2,3.2,3.2,6.0,6.1,6.1,16.0,16.6,16.7,15.3,15.7,15.6,19.8,20.5,16.8,4.6,4.8,4.4,23.7,24.1,23.8
North Carolina,Winston-Salem(1),267.8,272.1,258.2,–,–,–,10.7,11.4,11.7,32.6,33.2,32.2,48.7,48.2,47.4,1.7,1.7,1.6,13.3,13.8,13.4,36.6,37.6,34.3,55.4,56.9,55.4,28.7,29.3,24.2,8.8,9.1,8.2,31.2,31.1,29.9
North Dakota,Total,436.4,440.9,411.6,20.8,21.4,15.2,26.7,28.7,26.2,26.0,26.5,25.2,94.3,93.9,89.1,6.2,6.1,5.8,24.8,25.2,24.5,32.8,33.1,31.6,66.6,67.3,65.8,40.4,40.5,34.3,15.4,15.5,14.7,82.5,82.9,79.3
North Dakota,Bismarck(1),72.5,72.8,70.2,–,–,–,4.7,4.8,4.5,1.7,1.8,1.8,14.2,14.1,13.7,0.9,0.8,0.7,3.4,3.5,3.4,7.7,7.6,7.4,14.1,14.3,14.1,7.4,7.5,6.5,3.0,2.9,2.8,15.4,15.6,15.4
North Dakota,Fargo(1),143.3,145.0,138.6,–,–,–,8.6,8.8,8.8,10.2,10.2,9.9,30.4,30.4,29.6,3.0,3.1,3.0,11.2,11.6,11.7,14.0,14.1,13.7,27.6,28.0,27.2,14.3,14.5,11.6,5.0,5.0,4.8,19.1,19.2,18.3
North Dakota,Grand Forks(1),55.8,55.1,50.8,–,–,–,2.9,3.0,2.9,4.3,4.6,4.1,11.2,10.8,10.2,0.6,0.5,0.4,2.0,1.9,1.7,3.3,3.3,3.4,9.7,9.8,9.3,6.1,5.9,5.0,2.0,2.0,1.8,13.7,13.5,12.1
Ohio,Total,5562.6,5594.6,5253.9,12.2,11.8,9.4,220.8,226.7,218.9,698.9,700.8,652.9,1024.2,1028.7,1004.1,70.9,69.5,63.8,308.1,308.0,302.4,730.9,734.9,693.7,930.6,939.3,895.2,566.8,570.4,465.5,213.5,213.2,188.9,785.8,791.3,759.2
Ohio,Akron(1),339.9,340.6,319.1,–,–,–,14.4,15.0,14.1,39.4,39.7,36.9,67.2,67.3,66.3,4.8,4.8,4.7,15.7,15.5,15.3,51.1,50.0,46.6,55.2,56.2,53.6,34.2,34.4,28.0,13.3,13.3,12.0,44.7,44.4,41.5
Ohio,Canton-Massillon(1),173.8,173.2,162.5,–,–,–,9.0,8.9,8.2,26.9,26.7,25.2,31.1,31.1,30.3,1.6,1.4,1.3,7.5,7.5,7.2,15.8,16.3,15.3,33.7,33.5,31.4,19.5,19.1,16.7,8.5,8.5,7.4,20.2,20.1,19.6
Ohio,Cincinnati(1),1108.8,1119.8,1054.7,–,–,–,47.7,48.3,47.2,118.6,120.3,113.7,219.6,220.7,212.8,13.9,13.6,13.0,73.8,73.9,73.2,170.2,172.1,165.5,166.6,169.8,163.8,125.4,127.5,101.3,41.8,41.2,36.5,131.3,132.4,127.8
Ohio,Cleveland-Elyria(1),1069.9,1080.0,1004.5,–,–,–,38.2,38.9,36.8,123.7,123.4,114.7,182.2,185.6,178.2,13.8,13.4,12.2,67.0,66.8,65.5,158.8,161.5,151.5,203.8,206.3,196.5,105.3,105.5,82.5,39.7,39.9,34.8,137.6,138.6,131.8
Ohio,Columbus(1),1100.3,1113.9,1063.9,–,–,–,42.2,44.0,43.9,73.3,73.6,70.4,208.6,213.2,215.2,17.5,17.2,15.3,86.0,86.6,85.6,181.4,182.1,174.5,161.8,163.1,155.6,107.8,109.1,87.6,41.7,42.0,37.8,180.0,183.1,177.8
Ohio,Dayton(1),390.2,391.9,370.5,–,–,–,13.1,13.7,13.6,43.0,43.7,40.6,66.2,65.6,63.8,8.1,7.7,7.0,18.3,18.2,17.8,52.3,52.4,50.2,74.0,74.8,71.6,39.3,39.7,33.1,13.8,13.9,12.5,62.0,62.2,60.5
Ohio,Lima(1),53.0,53.0,50.1,–,–,–,2.1,2.2,2.1,9.2,9.1,8.5,9.8,9.7,9.3,–,–,–,–,–,–,4.6,5.2,5.3,11.9,11.5,10.6,5.0,5.0,4.3,–,–,–,6.0,6.1,5.9
Ohio,Mansfield(1),52.7,52.1,48.5,–,–,–,2.3,2.2,2.1,10.1,9.9,9.0,10.2,10.0,9.6,–,–,–,1.4,1.4,1.3,4.9,4.8,4.2,8.3,8.1,7.8,5.3,5.5,4.9,2.2,2.2,2.0,7.7,7.7,7.4
Ohio,Springfield(1),49.9,49.8,46.4,–,–,–,1.2,1.2,1.2,7.0,7.1,6.2,9.6,9.4,9.0,–,–,–,3.8,3.5,3.3,4.8,5.3,5.4,8.9,8.9,8.1,5.2,5.2,4.5,2.1,2.0,1.8,7.2,7.1,6.8
Ohio,Toledo(1),310.1,311.4,286.7,–,–,–,14.5,15.5,13.9,45.2,46.8,43.8,57.6,56.6,54.6,2.9,3.0,3.0,11.2,11.2,10.9,37.1,36.6,32.3,51.1,50.9,48.2,33.5,33.5,27.2,12.0,11.9,10.2,45.1,45.3,42.6
Ohio,Weirton-Steubenville(1)(3),40.4,40.7,37.9,–,–,–,1.6,1.7,1.5,5.3,5.5,4.6,8.4,8.3,7.8,–,–,–,–,–,–,2.1,2.2,1.9,9.0,8.9,8.7,4.6,4.6,3.9,–,–,–,6.3,6.5,6.7
Ohio,Youngstown-Warren-Boardman(1),219.9,216.7,198.9,–,–,–,9.6,9.6,8.9,27.6,25.9,23.1,45.6,45.1,42.3,1.9,1.8,1.5,7.2,7.2,6.9,20.4,19.9,18.2,43.9,43.9,41.4,24.7,24.6,20.7,9.6,9.5,8.4,29.5,29.3,27.5
Oklahoma,Total,1689.2,1705.1,1621.4,52.8,47.8,30.6,80.4,82.7,78.8,138.6,141.1,131.3,298.8,301.7,300.0,19.9,19.7,18.3,79.1,79.4,76.7,192.5,195.9,183.5,236.3,240.5,235.6,171.7,174.2,156.5,70.5,69.2,64.7,348.5,353.0,345.6
Oklahoma,Enid(2),25.5,25.5,24.2,–,–,–,–,–,–,–,–,–,–,–,–,–,–,–,–,–,–,–,–,–,–,–,–,–,–,–,–,–,–,3.7,3.7,3.7
Oklahoma,Lawton(1),45.1,45.1,42.9,–,–,–,1.6,1.6,1.5,3.6,3.6,3.4,6.8,6.8,6.5,0.7,0.9,0.8,2.2,2.2,2.0,4.6,4.6,4.2,4.3,4.2,4.1,5.1,5.1,4.7,1.3,1.2,1.2,14.8,15.0,14.6
Oklahoma,Oklahoma City,649.4,660.9,628.0,21.6,18.9,10.5,30.2,32.1,31.4,33.9,34.5,32.1,112.8,115.4,115.7,7.4,7.1,6.1,33.4,33.8,33.7,85.6,88.1,81.7,93.4,97.3,96.6,73.8,74.6,65.6,28.8,28.8,27.0,128.7,130.3,127.8
Oklahoma,Tulsa,456.4,462.3,437.2,6.8,6.7,5.2,24.8,25.6,24.6,54.5,55.2,50.7,83.2,83.1,82.3,7.0,6.7,6.1,23.3,23.3,22.2,62.0,63.0,58.8,71.8,73.5,71.6,45.3,46.5,40.9,20.5,20.3,19.1,57.3,58.4,55.7
Oregon,Total,1922.8,1954.2,1825.6,7.2,6.9,6.5,105.4,109.6,107.9,195.2,198.1,185.4,352.8,357.2,349.2,34.3,35.1,32.9,102.2,103.5,101.6,249.7,254.7,242.9,305.4,312.0,295.8,211.4,213.9,161.2,64.4,64.8,57.6,294.8,298.4,284.7
Oregon,Albany,46.4,46.9,44.1,0.4,0.4,0.4,3.1,3.3,3.0,8.3,8.7,8.0,10.2,10.3,10.6,0.4,0.4,0.4,1.5,1.5,1.4,3.1,3.2,3.0,6.8,7.0,6.6,3.9,3.8,3.2,1.5,1.5,1.3,7.1,6.9,6.4
Oregon,Bend-Redmond(1),84.9,87.1,83.0,–,–,–,7.1,7.2,7.3,5.7,5.7,5.3,16.0,16.2,15.8,1.9,1.8,1.7,4.7,4.9,4.8,10.3,10.5,10.3,13.8,14.6,14.4,13.0,13.6,11.4,3.0,3.1,2.8,9.5,9.6,9.1
Oregon,Corvallis(1),43.9,43.5,39.7,–,–,–,1.5,1.5,1.5,3.0,3.1,2.8,4.6,4.6,4.4,0.6,0.6,0.6,1.6,1.6,1.5,4.4,4.4,4.2,7.3,7.4,6.9,4.3,4.4,3.3,1.4,1.4,1.3,15.2,14.7,13.3
Oregon,Eugene,163.1,164.4,151.7,0.9,0.9,0.8,7.4,7.6,7.4,14.3,14.3,13.8,30.3,30.4,28.7,2.5,2.3,2.0,8.1,8.2,8.0,18.5,18.2,17.4,29.2,30.0,27.9,17.6,17.8,13.8,5.3,5.4,4.8,29.1,29.3,27.1
Oregon,Grants Pass,27.2,27.7,26.5,0.1,0.1,0.1,1.1,1.1,1.2,3.0,3.1,2.9,5.4,5.4,5.3,0.3,0.3,0.3,1.5,1.6,1.6,2.2,2.3,2.1,5.9,5.8,5.6,3.4,3.6,3.1,1.0,1.0,0.9,3.3,3.4,3.4
Oregon,Medford,89.2,89.9,85.7,0.5,0.5,0.5,4.9,4.8,4.6,7.9,8.1,7.7,20.0,20.0,19.4,1.2,1.2,1.1,4.1,4.1,4.1,7.6,7.8,7.5,17.5,17.8,17.8,11.6,11.5,9.2,2.7,2.8,2.5,11.3,11.4,11.2
Oregon,Portland-Vancouver-Hillsboro,1204.6,1228.1,1143.1,1.4,1.3,1.2,72.7,76.0,73.5,127.5,129.3,121.3,218.1,221.8,215.9,25.5,26.4,25.0,72.4,73.5,72.4,184.7,190.0,182.6,184.6,188.1,177.9,125.0,126.5,90.2,42.2,42.8,37.9,150.5,152.6,145.2
Oregon,Salem,169.8,173.2,165.0,0.7,0.6,0.6,11.3,12.3,12.6,13.2,13.2,11.9,28.6,28.9,28.6,1.4,1.4,1.3,7.3,7.1,6.9,15.1,15.6,14.5,30.0,31.0,29.7,15.7,15.8,13.2,5.5,5.4,4.9,41.3,41.9,40.7
Pennsylvania,Total,6009.9,6065.9,5602.8,28.7,28.9,23.0,255.7,261.0,241.2,570.8,574.7,537.7,1126.8,1126.9,1064.0,86.3,87.5,82.6,325.9,330.8,325.4,805.8,813.4,760.3,1274.5,1296.6,1236.8,571.8,577.9,423.7,260.4,261.9,223.0,703.1,706.3,685.0
Pennsylvania,Allentown-Bethlehem-Easton(1),375.1,380.8,353.0,–,–,–,13.6,13.7,12.5,38.6,39.8,37.7,85.3,87.0,85.1,5.4,5.4,4.8,13.9,13.9,13.3,48.6,49.1,46.3,77.8,79.3,74.7,37.6,38.0,28.3,14.5,14.6,12.3,39.7,40.2,38.0
Pennsylvania,Altoona(1),61.2,61.3,57.5,–,–,–,3.1,3.0,2.9,7.4,7.2,6.7,14.3,14.3,13.6,0.9,0.8,0.8,1.5,1.5,1.4,5.4,5.3,4.8,12.6,13.0,12.7,5.6,5.6,4.4,2.7,2.7,2.5,7.8,7.9,7.8
Pennsylvania,Bloomsburg-Berwick(1),42.8,42.8,40.7,–,–,–,1.5,1.2,1.2,5.4,5.3,4.8,6.2,6.3,6.1,–,–,–,–,–,–,4.3,4.5,4.5,11.7,11.8,11.6,3.6,3.6,2.9,–,–,–,6.1,6.1,5.7
Pennsylvania,Chambersburg-Waynesboro(1),61.4,62.0,58.2,–,–,–,2.3,2.4,2.4,9.2,9.2,8.5,15.2,15.4,14.9,–,–,–,–,–,–,6.2,6.2,5.8,10.6,10.7,10.2,5.3,5.5,4.5,–,–,–,7.8,7.8,7.7
Pennsylvania,East Stroudsburg(1),58.9,59.7,53.4,–,–,–,1.9,1.9,1.7,5.0,5.0,5.0,12.5,12.5,11.8,–,–,–,–,–,–,4.0,4.3,3.8,7.9,8.1,7.5,11.9,12.0,8.9,–,–,–,11.3,11.5,11.1
Pennsylvania,Erie(1),128.0,128.1,117.4,–,–,–,4.1,4.2,3.9,19.6,19.9,18.4,21.4,21.2,19.5,1.1,1.0,0.9,6.4,6.5,6.5,10.3,10.1,9.1,29.0,29.4,28.6,14.2,14.2,10.7,6.0,6.0,4.9,15.8,15.7,15.0
Pennsylvania,Gettysburg(1),35.1,35.2,32.4,–,–,–,1.8,1.8,1.7,7.5,7.7,7.3,5.4,5.3,4.9,–,–,–,–,–,–,–,–,–,7.0,7.1,6.6,4.8,4.7,3.7,–,–,–,4.1,4.2,4.1
Pennsylvania,Harrisburg-Carlisle(1),346.6,351.9,330.5,–,–,–,12.0,12.1,11.6,21.4,22.0,21.3,73.8,75.0,72.2,3.6,3.5,3.1,21.5,21.8,21.1,50.0,51.1,48.0,58.4,60.1,58.8,32.3,32.4,23.6,15.4,15.6,13.9,58.1,58.4,56.9
Pennsylvania,Johnstown(1),54.4,54.0,49.3,–,–,–,2.3,2.5,1.7,4.2,4.3,3.9,10.6,10.3,9.6,0.8,0.7,0.7,2.5,2.5,2.4,4.7,4.7,4.5,14.5,14.0,13.1,4.5,4.5,3.6,2.9,2.9,2.5,7.6,7.5,7.2
Pennsylvania,Lancaster(1),257.0,259.8,241.9,–,–,–,18.1,18.3,17.8,37.8,37.3,35.2,60.0,60.4,57.2,2.9,2.7,2.4,8.6,9.2,9.5,25.8,26.5,24.6,46.4,47.4,45.7,25.2,25.4,18.8,12.3,12.6,11.3,19.9,20.1,19.4
Pennsylvania,Lebanon(2),53.1,53.9,50.3,–,–,–,–,–,–,9.3,9.4,9.0,11.7,12.2,11.7,–,–,–,–,–,–,–,–,–,9.0,9.0,8.6,–,–,–,–,–,–,8.2,8.3,8.1
Pennsylvania,Philadelphia-Camden-Wilmington(1),2939.6,2981.3,2760.1,–,–,–,118.1,120.7,113.1,182.2,183.8,174.5,524.6,530.4,497.7,49.8,51.8,50.7,216.2,217.9,215.3,465.8,470.3,447.6,654.8,668.7,634.5,272.2,277.4,196.0,121.2,122.8,101.3,334.9,337.5,329.3
Pennsylvania,Pittsburgh,1184.7,1193.1,1096.0,11.1,11.7,8.9,59.3,63.0,56.3,86.7,87.0,80.5,210.6,207.8,193.4,18.8,19.0,17.9,74.8,76.5,75.5,181.9,182.9,172.3,256.7,260.3,248.8,119.7,120.5,88.6,50.0,49.7,42.8,114.8,114.8,111.0
Pennsylvania,Reading(1),179.7,181.8,165.8,–,–,–,7.9,7.9,7.4,31.6,32.2,29.1,33.4,33.6,31.1,1.2,1.1,0.9,6.0,6.0,6.0,24.2,24.6,22.4,31.1,32.3,30.9,15.1,15.2,11.5,8.0,8.1,7.0,21.2,20.8,19.7
Pennsylvania,Scranton--Wilkes-Barre--Hazleton(1),263.6,263.2,244.3,–,–,–,11.4,10.5,9.8,28.5,28.6,26.9,63.7,63.5,61.9,3.0,2.9,2.6,12.5,13.1,13.0,29.0,28.3,25.5,54.3,55.2,51.5,23.6,23.5,17.8,8.8,8.8,7.5,28.9,29.0,27.9
Pennsylvania,State College(2),79.7,80.1,73.5,–,–,–,–,–,–,4.2,4.3,4.2,9.9,9.7,9.0,–,–,–,–,–,–,7.0,6.7,5.9,10.2,10.1,9.5,7.2,7.4,5.2,–,–,–,31.8,32.2,31.1
Pennsylvania,Williamsport(2),53.7,53.3,49.5,–,–,–,–,–,–,7.8,8.0,7.6,10.2,10.1,9.5,–,–,–,–,–,–,–,–,–,10.1,10.2,10.1,4.5,4.5,3.7,–,–,–,7.3,7.1,6.9
Pennsylvania,York-Hanover(1),187.1,188.2,175.4,–,–,–,11.9,12.1,11.6,31.1,32.1,30.4,38.3,38.2,36.5,1.1,1.0,0.7,5.3,5.3,5.2,23.6,24.1,21.5,29.2,29.2,28.1,16.4,16.3,13.1,10.3,10.2,8.9,20.0,19.8,19.2
Rhode Island,Total,500.5,504.0,459.5,0.2,0.2,0.2,19.2,20.0,18.9,40.4,39.9,37.4,77.3,77.0,71.0,5.9,5.9,5.2,35.4,35.3,34.4,68.3,68.3,65.1,106.8,109.1,100.3,59.2,60.1,44.3,23.0,23.1,19.5,64.9,65.2,63.2
Rhode Island,Providence-Warwick,597.0,599.8,547.5,0.2,0.2,0.2,24.3,25.3,24.1,51.0,50.5,47.5,102.2,101.1,93.8,7.2,7.0,6.2,38.1,38.0,36.9,75.0,74.8,71.4,126.7,129.2,118.6,69.4,70.3,52.4,27.4,27.6,23.2,75.5,75.8,73.3
South Carolina,Total,2154.9,2190.0,2079.5,4.4,4.4,4.4,105.7,106.9,103.8,249.9,258.3,244.2,404.5,408.6,400.3,27.7,26.9,24.7,104.0,105.4,105.7,295.1,297.7,280.3,253.8,257.8,249.3,264.0,270.8,226.9,77.8,79.5,73.6,368.0,373.8,366.3
South Carolina,Charleston-North Charleston(1),367.0,376.6,354.1,–,–,–,21.8,21.9,20.8,28.1,30.0,27.9,66.8,69.1,66.6,5.4,5.3,5.4,15.7,15.8,15.8,58.2,58.6,54.8,41.7,42.9,42.0,49.1,50.8,40.7,14.5,15.0,13.9,65.8,67.0,66.0
South Carolina,Columbia(1),399.8,403.4,387.0,–,–,–,17.4,17.3,16.9,30.1,31.7,31.0,72.9,72.6,71.5,5.6,6.0,4.9,31.1,31.5,32.0,50.7,51.4,49.9,49.6,51.2,48.6,40.5,40.6,33.6,16.4,16.8,15.2,85.4,84.2,83.3
South Carolina,Florence(2),91.5,92.5,88.2,–,–,–,–,–,–,–,–,–,19.1,19.0,18.5,–,–,–,–,–,–,–,–,–,–,–,–,–,–,–,–,–,–,16.8,17.7,17.3
South Carolina,Greenville-Anderson-Mauldin(1),428.1,433.5,409.6,–,–,–,18.8,19.2,19.3,58.5,57.8,54.7,77.3,77.7,75.8,7.3,6.6,6.1,18.9,19.5,19.6,73.2,75.0,68.6,51.8,52.5,51.1,45.9,47.0,39.2,14.7,14.9,13.6,61.8,63.4,61.7
South Carolina,Hilton Head Island-Bluffton-Beaufort(2),82.5,84.2,79.7,–,–,–,–,–,–,–,–,–,–,–,–,–,–,–,–,–,–,–,–,–,–,–,–,–,–,–,–,–,–,11.7,11.8,11.7
South Carolina,Myrtle Beach-Conway-North Myrtle Beach(1),171.6,175.2,162.2,–,–,–,10.3,10.8,10.6,4.9,4.7,4.5,37.3,37.8,36.3,2.2,2.3,2.2,9.2,9.1,8.8,15.9,16.4,15.5,18.6,19.6,19.0,43.4,44.3,36.3,6.5,6.7,6.2,23.2,23.7,22.7
South Carolina,Spartanburg(1),159.5,165.5,159.4,–,–,–,7.6,7.7,7.5,34.5,37.3,36.0,34.8,34.9,35.0,0.8,0.7,0.6,4.8,4.9,4.9,18.9,19.3,17.4,15.0,14.7,14.7,14.1,14.4,12.9,5.2,5.4,5.0,23.9,26.3,25.4
South Carolina,Sumter(2),39.9,39.7,37.5,–,–,–,–,–,–,7.0,7.0,6.5,–,–,–,–,–,–,–,–,–,–,–,–,–,–,–,–,–,–,–,–,–,6.6,6.7,6.4
South Dakota,Total,437.7,440.5,425.4,1.0,1.0,1.0,23.0,23.6,24.2,44.4,45.0,43.2,86.5,85.9,83.9,5.6,5.5,5.0,29.2,29.0,28.4,32.3,33.2,32.7,72.2,73.2,73.1,47.3,47.4,40.7,16.7,16.8,16.6,79.5,80.0,76.7
South Dakota,Rapid City(1),68.9,69.1,66.5,–,–,–,5.2,5.0,5.1,2.8,2.8,2.8,13.7,13.4,13.1,0.8,0.8,0.7,3.9,3.7,3.5,5.7,5.9,6.0,12.0,12.2,12.1,10.3,10.4,8.9,3.3,3.4,3.4,11.2,11.3,10.8
South Dakota,Sioux Falls(1),157.8,160.1,155.8,–,–,–,8.8,9.3,9.4,14.2,14.4,14.0,32.6,32.8,31.8,2.6,2.6,2.5,15.8,15.7,15.4,15.3,15.8,15.3,32.5,33.2,33.8,15.6,15.7,13.3,5.9,5.9,5.8,14.5,14.7,14.4
Tennessee,Total,3067.4,3122.9,2998.6,4.4,4.5,4.2,124.6,130.0,129.1,350.7,355.4,335.1,626.5,637.0,627.3,45.2,45.5,43.2,168.4,172.3,171.0,416.1,426.3,414.7,440.0,445.4,431.9,337.7,347.2,292.6,118.2,121.7,117.0,435.8,437.6,432.5
Tennessee,Chattanooga(1),263.0,267.5,256.7,–,–,–,11.1,11.4,11.1,34.1,34.2,33.0,53.1,53.6,52.8,2.5,2.3,2.4,21.1,22.0,22.5,27.4,28.0,27.3,34.5,35.1,33.5,29.5,30.3,24.9,12.0,12.4,11.8,37.7,38.1,37.4
Tennessee,Clarksville(1),91.6,93.3,90.6,–,–,–,3.2,3.3,3.4,12.4,12.6,11.2,17.2,17.9,18.0,1.2,1.1,1.0,3.1,3.2,3.1,9.1,9.0,9.1,12.1,12.5,12.0,11.6,11.7,10.9,3.1,3.4,3.2,18.6,18.7,18.6
Tennessee,Cleveland(1),46.8,48.5,48.0,–,–,–,2.1,2.0,2.1,9.2,9.1,8.5,9.8,10.3,11.6,0.3,0.3,0.2,1.3,1.4,1.3,5.5,6.6,6.3,5.8,5.9,5.8,5.1,5.1,4.6,2.3,2.3,2.2,5.6,5.5,5.4
Tennessee,Jackson(1),68.9,69.6,67.3,–,–,–,2.9,3.1,3.1,10.7,11.0,10.6,12.4,12.3,11.8,0.5,0.5,0.5,2.1,2.1,2.1,6.7,6.6,6.6,11.1,11.4,11.0,6.4,6.4,5.6,1.9,2.0,2.1,14.2,14.2,14.0
Tennessee,Johnson City(1),80.8,81.5,78.7,–,–,–,2.3,2.5,2.5,8.0,8.2,7.9,13.5,13.8,13.6,1.2,1.2,1.1,4.4,4.5,4.6,8.5,8.4,8.3,14.4,14.3,13.7,9.5,9.4,8.3,2.6,2.8,2.7,16.3,16.5,16.1
Tennessee,Kingsport-Bristol-Bristol(1),121.2,120.8,115.8,–,–,–,6.3,5.9,5.3,21.4,21.3,19.9,23.4,23.3,22.9,1.3,1.2,1.1,3.7,3.8,3.6,11.8,12.4,13.4,18.7,18.1,17.2,13.1,13.2,11.4,5.4,5.6,5.3,16.1,16.1,15.7
Tennessee,Knoxville(1),399.9,405.4,394.6,–,–,–,18.5,18.9,18.5,39.9,41.2,40.9,78.3,79.0,78.0,6.0,6.0,5.7,19.9,19.8,19.3,64.4,65.3,65.2,54.9,55.6,54.9,43.0,44.4,38.5,15.5,16.1,15.8,59.8,59.3,57.9
Tennessee,Memphis(1),649.4,655.6,626.4,–,–,–,23.3,23.9,23.7,43.8,45.0,43.6,175.0,176.5,173.3,5.5,5.5,5.1,29.6,29.6,29.0,97.0,96.2,91.0,96.3,98.9,94.9,68.2,68.3,56.3,27.0,27.6,26.8,83.9,84.1,82.8
Tennessee,Morristown(1),46.2,47.2,46.0,–,–,–,1.9,1.9,1.9,11.8,12.3,11.8,9.8,9.7,9.6,0.3,0.3,0.3,0.9,1.0,0.9,3.9,4.1,4.3,5.7,5.7,5.6,4.2,4.3,3.9,1.2,1.2,1.2,6.5,6.6,6.6
Tennessee,Nashville-Davidson--Murfreesboro--Franklin(1),1015.6,1046.4,1000.2,–,–,–,46.0,49.0,49.6,84.3,84.8,78.6,194.0,201.2,198.7,23.4,24.8,23.9,68.4,71.1,70.5,168.9,174.9,169.5,153.4,155.2,151.9,116.5,121.6,97.4,42.3,43.5,40.4,118.5,120.3,119.7
Texas,Total,12523.5,12813.9,12265.7,246.4,249.1,192.4,739.7,774.2,737.7,881.9,907.2,868.7,2484.4,2514.6,2468.4,204.9,209.6,198.5,778.8,802.2,804.8,1739.7,1795.9,1758.1,1698.8,1741.9,1697.3,1356.6,1395.9,1177.6,435.8,445.8,397.4,1956.4,1977.5,1964.9
Texas,Abilene(1),70.3,72.4,70.1,–,–,–,5.0,5.3,4.7,3.2,3.2,3.2,13.6,13.7,13.2,1.1,1.1,1.0,4.1,4.1,4.3,5.5,6.0,6.3,14.7,15.3,15.2,7.9,8.0,7.0,2.6,2.9,2.5,12.7,12.8,12.7
Texas,Amarillo(1),120.4,121.6,118.3,–,–,–,7.3,7.7,7.6,13.5,13.9,13.9,25.7,25.9,25.3,1.3,1.3,1.2,6.7,6.7,6.7,8.9,8.9,8.7,16.8,16.6,16.3,13.8,14.1,12.5,4.9,5.0,4.8,21.5,21.7,21.4
Texas,Austin-Round Rock(1),1075.6,1118.0,1086.1,–,–,–,64.5,68.5,69.6,60.7,62.7,62.8,179.7,185.1,185.0,34.7,39.0,39.5,63.0,66.0,68.1,187.7,198.0,199.3,125.3,129.8,126.1,130.7,134.9,106.0,46.3,47.2,41.8,183.0,186.7,187.9
Texas,Beaumont-Port Arthur(1),164.1,165.0,154.2,–,–,–,20.5,20.9,17.4,21.9,22.2,20.4,31.6,31.7,30.6,1.1,1.0,0.9,5.7,5.7,5.7,14.5,14.6,13.8,21.5,21.6,20.8,16.2,16.3,14.4,6.3,5.7,5.2,24.8,25.2,24.9
Texas,Brownsville-Harlingen(1),142.2,144.7,140.2,–,–,–,2.9,3.1,3.4,5.5,6.0,5.8,25.8,25.7,24.1,0.7,0.7,0.5,5.2,5.0,4.7,12.4,12.5,12.6,40.4,41.9,42.1,15.9,16.6,14.4,3.0,3.1,2.9,30.4,30.0,29.7
Texas,College Station-Bryan(1),119.7,122.8,117.6,–,–,–,7.9,7.8,7.1,5.4,5.6,5.5,16.5,16.8,16.4,1.3,1.4,1.3,4.0,4.0,3.8,9.4,9.7,10.2,12.2,12.7,12.1,16.5,17.5,14.1,3.3,3.4,3.0,43.2,43.9,44.0
Texas,Corpus Christi(1),193.2,193.9,180.9,–,–,–,25.2,24.4,19.8,8.3,8.4,8.1,33.3,33.0,32.0,1.6,1.6,1.5,8.2,8.4,8.2,18.5,18.7,17.5,31.8,32.4,31.4,25.7,26.2,22.5,6.3,6.2,5.7,34.4,34.5,34.3
Texas,Dallas-Fort Worth-Arlington(1),3688.7,3790.5,3666.2,–,–,–,219.3,226.2,220.0,279.0,288.8,280.9,782.6,796.1,794.8,83.1,82.2,78.8,303.5,318.9,324.5,618.2,641.2,628.3,451.5,462.8,447.4,385.0,396.9,331.2,124.1,128.5,113.2,442.4,449.1,447.1
Texas,El Paso(1),318.4,324.9,312.3,–,–,–,16.0,17.0,17.5,17.3,17.5,16.7,67.7,67.7,65.5,4.5,4.7,4.5,12.7,13.3,13.4,36.0,37.1,36.2,46.3,48.0,47.0,36.8,38.1,32.4,9.2,9.1,8.1,72.0,72.3,71.0
Texas,Houston-The Woodlands-Sugar Land,3087.9,3160.1,2990.9,78.8,80.0,68.6,222.7,236.1,215.5,228.5,236.0,218.7,625.3,630.5,612.2,31.8,32.5,29.4,164.0,166.6,164.5,495.2,508.1,487.4,394.1,404.4,395.4,325.1,334.3,281.8,112.7,116.1,104.2,409.9,415.5,413.3
Texas,Killeen-Temple(1),143.3,145.1,141.7,–,–,–,6.8,6.9,6.9,7.5,7.7,7.5,27.7,27.5,27.2,1.2,1.3,1.1,6.8,6.6,6.1,11.0,11.7,12.3,23.1,23.8,23.5,15.7,16.1,14.5,5.3,5.3,4.6,38.2,38.3,38.0
Texas,Laredo(1),105.3,108.0,100.9,–,–,–,4.1,4.1,3.3,0.6,0.7,0.7,31.8,32.5,30.6,0.8,0.8,0.6,3.8,3.8,3.6,9.9,10.4,9.4,17.0,17.5,16.9,11.5,11.7,9.8,2.3,2.4,2.3,23.6,24.1,23.8
Texas,Longview(1),97.7,99.8,92.8,–,–,–,14.9,15.6,12.5,10.0,10.0,9.0,19.2,19.5,19.1,1.1,1.1,1.0,4.2,4.4,4.4,8.7,9.0,8.7,15.7,15.8,15.2,9.1,9.2,8.3,3.0,3.2,2.8,11.9,12.1,12.0
Texas,Lubbock(1),148.3,150.7,145.4,–,–,–,8.4,8.8,8.8,4.8,4.9,4.8,30.9,30.8,30.0,3.0,2.8,2.7,7.8,7.7,7.7,12.8,12.9,12.0,21.6,22.5,22.1,19.8,20.6,18.3,5.9,6.2,5.7,33.4,33.6,33.3
Texas,McAllen-Edinburg-Mission(1),264.8,270.8,262.6,–,–,–,8.2,8.2,7.6,7.0,7.2,6.8,53.5,53.6,51.1,2.9,2.9,2.6,9.1,8.9,8.9,17.7,17.6,17.8,75.4,79.7,80.0,25.4,26.9,23.0,5.7,5.8,5.2,59.8,60.1,59.6
Texas,Midland(1),108.8,113.7,97.8,–,–,–,37.1,39.5,29.8,4.1,4.3,3.5,21.1,22.2,19.8,0.9,0.9,0.7,4.5,4.9,4.7,10.0,10.5,9.5,7.2,7.0,6.8,10.3,10.9,9.6,3.9,4.0,3.6,9.7,9.6,9.8
Texas,Odessa(1),81.3,84.2,71.8,–,–,–,21.2,22.4,15.6,4.9,5.2,4.2,18.3,19.1,17.0,0.7,0.7,0.6,3.5,3.6,3.2,4.6,4.8,4.1,5.4,5.3,5.1,8.7,9.0,8.1,3.7,3.8,3.2,10.2,10.3,10.6
Texas,San Angelo(1),49.9,50.0,47.7,–,–,–,3.9,4.0,3.4,3.4,3.3,3.1,9.8,9.8,9.4,0.7,0.7,0.6,2.5,2.6,2.5,4.1,4.1,4.2,8.1,8.0,7.9,6.2,6.3,5.5,1.9,2.0,1.9,9.3,9.3,9.2
Texas,San Antonio-New Braunfels,1059.2,1077.5,1030.6,10.5,10.8,7.2,53.2,56.3,56.4,50.2,51.2,49.8,181.0,183.0,180.7,20.7,20.2,18.4,92.1,94.0,93.8,140.7,142.4,141.7,164.5,168.4,162.1,135.5,138.2,112.3,38.9,39.6,34.9,171.8,173.6,173.4
Texas,Sherman-Denison(1),47.8,48.8,47.7,–,–,–,3.1,3.0,3.0,5.7,5.7,5.3,8.7,8.8,8.9,0.3,0.4,0.4,2.5,2.5,2.5,3.4,3.4,3.5,10.6,11.0,10.9,5.4,5.6,5.1,1.0,1.0,0.9,7.1,7.3,7.2
Texas,Texarkana(1),59.7,60.6,57.5,–,–,–,2.7,2.9,2.8,5.4,5.5,5.3,13.3,13.5,12.6,0.3,0.3,0.2,2.3,2.3,2.2,4.2,4.4,4.1,9.6,9.8,9.4,6.8,7.0,6.4,2.1,2.1,1.9,12.9,12.9,12.7
Texas,Tyler(1),106.6,107.9,104.7,–,–,–,6.6,6.8,6.2,6.2,6.6,7.0,23.1,23.4,23.4,1.6,1.5,1.4,4.3,4.4,4.3,10.6,10.5,10.2,24.3,24.4,23.6,11.5,11.6,10.4,4.1,4.2,3.9,14.4,14.5,14.6
Texas,Victoria(1),41.6,41.3,38.1,–,–,–,4.5,4.3,3.4,2.0,2.1,2.0,10.7,10.8,9.9,0.4,0.3,0.3,1.7,1.7,1.6,2.5,2.5,2.2,6.2,6.2,6.1,4.5,4.4,4.0,1.9,1.8,1.5,7.4,7.2,7.2
Texas,Waco(1),121.0,122.6,120.9,–,–,–,7.5,7.7,7.9,15.9,15.8,15.2,21.1,21.5,21.4,1.1,1.0,0.9,7.6,7.4,7.3,11.8,12.2,13.1,20.7,20.9,20.6,12.5,12.8,11.3,3.6,3.6,3.4,19.4,19.8,19.8
Texas,Wichita Falls(1),59.4,59.5,56.7,–,–,–,3.0,3.0,2.8,5.3,5.3,4.8,11.1,10.7,10.4,0.7,0.7,0.6,2.5,2.6,2.6,4.7,4.7,4.2,10.7,11.2,11.0,6.6,6.7,6.1,2.3,2.3,2.0,12.4,12.5,12.3
Utah,Total,1515.8,1557.4,1532.1,9.5,9.4,8.7,104.3,109.5,115.4,133.1,136.9,135.9,285.2,290.7,289.0,38.5,39.6,38.2,87.8,90.4,93.3,216.6,223.7,225.4,203.6,209.8,207.0,148.6,153.7,134.3,41.2,41.9,39.7,247.5,251.8,245.1
Utah,Logan(1),63.1,65.0,64.7,–,–,–,3.1,3.2,3.5,11.8,12.3,12.8,9.6,9.6,9.9,0.7,0.7,0.5,1.7,1.8,1.8,7.3,7.7,8.2,7.2,7.5,7.5,5.3,5.3,4.9,1.1,1.1,1.1,15.4,15.8,14.6
Utah,Ogden-Clearfield(1),261.7,268.3,266.1,–,–,–,20.0,20.5,21.3,34.1,35.3,34.7,46.3,47.0,46.9,1.9,1.9,1.6,10.6,11.0,11.2,30.8,31.5,32.0,33.8,34.7,34.8,25.0,25.4,22.7,6.8,6.8,6.7,52.4,54.0,54.1
Utah,Provo-Orem(1),261.6,270.6,270.6,–,–,–,25.0,25.4,26.2,19.9,20.6,20.1,44.1,44.4,45.0,13.3,13.9,13.5,8.8,9.5,10.9,37.2,39.1,40.7,54.2,56.0,54.3,21.5,22.8,21.4,5.5,5.8,5.8,32.2,33.1,32.8
Utah,St. George(1),68.3,70.6,71.0,–,–,–,7.7,8.1,9.1,3.4,3.5,3.7,15.6,16.1,15.6,0.9,0.8,0.7,2.6,2.7,2.9,6.0,5.7,6.1,11.5,12.2,12.5,9.7,10.0,9.3,1.9,2.1,2.1,9.1,9.4,9.1
Utah,Salt Lake City(1),732.9,752.8,736.7,–,–,–,43.9,46.8,49.9,58.1,59.2,58.1,145.7,149.5,148.5,20.2,20.5,20.3,59.0,60.2,61.5,127.3,131.3,130.4,84.5,86.6,85.3,62.5,64.5,53.9,22.2,22.6,20.9,109.4,111.6,107.9
Vermont,Total,316.0,316.3,286.8,0.8,0.8,0.8,15.3,15.3,14.1,29.8,30.1,28.1,54.6,54.1,50.0,4.3,4.3,4.0,12.1,12.3,12.0,29.0,29.5,28.6,66.4,66.0,61.4,37.2,37.2,25.9,10.3,10.3,9.2,56.2,56.5,52.8
Vermont,Burlington-South Burlington(1),125.9,126.5,115.6,–,–,–,6.0,6.0,5.5,12.8,12.8,12.1,22.2,22.1,20.4,2.2,2.3,2.2,4.7,4.7,4.6,14.9,15.2,14.6,22.7,22.9,21.6,13.2,13.3,9.0,4.2,4.2,3.7,22.9,23.1,21.8
Virginia,Total,4011.1,4058.4,3856.1,7.9,7.8,7.1,198.3,203.3,202.4,240.5,243.5,233.7,661.1,658.6,636.4,67.7,67.9,65.4,208.3,212.1,209.4,749.6,767.5,757.7,546.2,553.5,527.6,410.5,414.7,324.8,198.3,197.8,179.6,722.7,731.7,712.1
Virginia,Blacksburg-Christiansburg-Radford(2),77.7,78.5,74.0,–,–,–,–,–,–,–,–,–,–,–,–,–,–,–,–,–,–,–,–,–,–,–,–,–,–,–,–,–,–,24.7,24.8,24.3
Virginia,Charlottesville(1),118.5,121.7,112.8,–,–,–,5.9,5.8,5.7,4.0,4.1,3.9,14.9,14.7,14.2,2.1,2.2,1.9,4.8,4.9,4.9,15.6,16.0,15.6,14.1,14.7,14.4,14.1,14.4,10.4,5.9,6.1,5.4,37.1,38.9,36.5
Virginia,Harrisonburg(2),68.2,69.7,66.0,–,–,–,–,–,–,–,–,–,13.3,13.5,13.1,–,–,–,–,–,–,–,–,–,–,–,–,–,–,–,–,–,–,12.4,12.7,12.1
Virginia,Lynchburg(1),105.1,105.9,100.4,–,–,–,5.8,6.0,6.0,14.8,14.7,14.2,19.4,19.4,18.8,0.9,0.7,0.6,5.0,5.1,5.2,11.7,11.5,10.7,19.1,19.9,19.1,10.8,10.9,9.2,4.4,4.3,4.1,13.3,13.3,12.6
Virginia,Richmond(1),679.8,687.0,651.6,–,–,–,39.7,40.1,39.7,32.0,32.0,30.7,123.9,121.9,120.2,7.2,7.0,6.4,51.0,53.0,53.3,116.9,118.8,114.1,99.6,102.1,97.1,67.5,68.6,52.6,30.7,30.9,28.3,111.4,112.6,109.2
Virginia,Roanoke(1),161.6,162.8,155.0,–,–,–,8.5,9.0,9.0,15.6,15.6,14.9,33.2,33.0,31.8,1.3,1.3,1.2,8.1,8.1,7.9,22.3,22.3,21.4,27.5,28.0,27.5,15.3,15.5,12.7,7.5,7.3,6.4,22.3,22.9,22.3
Virginia,Staunton-Waynesboro(2),50.7,51.5,49.7,–,–,–,–,–,–,–,–,–,–,–,–,–,–,–,–,–,–,–,–,–,–,–,–,–,–,–,–,–,–,8.7,8.8,8.5
Virginia,Virginia Beach-Norfolk-Newport News(1),792.4,797.5,755.4,–,–,–,38.3,38.8,39.2,56.8,58.7,56.8,131.0,130.1,125.2,10.8,10.4,9.4,39.0,39.4,38.7,113.7,115.0,111.5,113.7,114.3,109.1,94.6,94.8,76.3,34.4,34.9,31.6,160.2,161.0,157.5
Virginia,Winchester(2),64.6,65.9,64.7,–,–,–,–,–,–,–,–,–,13.3,14.1,14.2,–,–,–,–,–,–,–,–,–,–,–,–,–,–,–,–,–,–,9.9,10.1,10.0
Washington,Total,3401.2,3468.5,3284.6,6.3,5.9,5.5,213.1,219.5,213.9,287.7,293.7,272.0,636.0,643.2,628.8,134.2,144.5,149.0,157.7,160.4,158.3,424.3,434.7,424.8,490.3,502.4,489.3,341.9,347.5,263.1,122.4,129.3,118.6,587.3,587.5,561.4
Washington,Bellingham(1),94.9,95.9,89.0,–,–,–,8.4,8.1,7.6,10.5,10.7,9.7,16.6,16.5,15.6,–,–,–,3.8,3.9,4.1,8.3,8.5,8.1,–,–,–,10.7,10.8,8.4,–,–,–,18.2,18.5,17.1
Washington,Bremerton-Silverdale(1),93.3,95.3,90.8,–,–,–,5.0,5.2,5.1,2.8,2.9,2.7,14.0,13.9,13.2,–,–,–,–,–,–,8.1,8.6,8.5,–,–,–,9.7,9.9,8.1,–,–,–,33.1,33.8,33.2
Washington,Kennewick-Richland(1),115.4,118.4,113.4,–,–,–,9.3,10.3,10.3,8.2,8.4,8.3,19.7,19.7,19.3,0.8,0.8,0.7,4.1,4.2,4.1,21.2,21.8,21.2,16.8,18.2,18.0,11.8,12.1,9.6,3.6,3.8,3.6,19.9,19.2,18.3
Washington,Longview(1),40.2,41.0,39.5,–,–,–,3.4,3.5,3.5,6.5,6.7,6.5,8.0,8.0,7.9,–,–,–,–,–,–,–,–,–,6.9,7.1,6.9,3.7,3.7,3.1,–,–,–,6.4,6.5,6.0
Washington,Mount Vernon-Anacortes(1),51.8,52.6,48.6,–,–,–,4.5,4.9,4.2,6.6,6.5,6.2,10.1,10.0,9.6,–,–,–,–,–,–,–,–,–,–,–,–,5.2,5.3,4.3,–,–,–,11.7,11.9,11.0
Washington,Olympia-Tumwater(1),119.5,120.9,115.5,–,–,–,6.6,6.9,6.7,3.1,3.1,3.0,19.0,19.2,18.7,1.5,1.5,1.3,4.1,4.0,4.0,11.9,12.3,11.6,18.6,18.8,18.0,11.0,11.1,9.1,4.8,4.9,4.7,38.9,39.1,38.4
Washington,Seattle-Tacoma-Bellevue,2044.4,2090.8,1974.3,1.1,1.1,1.1,126.5,128.8,124.9,178.8,184.3,168.4,391.0,398.0,390.3,118.6,128.4,133.7,101.4,103.1,100.4,294.5,302.1,295.7,276.2,283.0,272.1,204.6,207.8,150.6,74.0,78.7,71.1,277.6,275.5,266.0
Washington,Spokane-Spokane Valley(1),250.8,255.6,243.5,–,–,–,14.6,15.1,14.9,17.7,18.1,17.0,47.3,47.3,45.5,3.3,3.4,3.2,14.4,14.8,14.6,26.5,26.8,25.7,51.2,52.5,53.2,23.6,24.3,19.3,9.7,10.1,9.8,42.5,43.1,40.4
Washington,Walla Walla(1),28.0,28.3,27.8,–,–,–,1.0,1.1,1.1,4.1,4.2,4.1,3.9,3.9,3.9,0.3,0.3,0.3,0.9,1.0,1.0,1.0,1.0,1.0,7.1,7.2,6.9,2.5,2.6,2.2,0.7,0.7,0.6,6.4,6.3,6.7
Washington,Wenatchee(1),46.2,46.3,43.3,–,–,–,3.0,3.0,2.8,2.5,2.6,2.3,10.0,9.9,9.5,–,–,–,–,–,–,–,–,–,7.6,7.6,7.6,6.8,6.9,5.3,–,–,–,9.5,9.5,9.0
Washington,Yakima(1),86.8,87.1,83.1,–,–,–,4.2,4.2,4.1,8.9,8.7,8.2,19.3,19.1,19.1,–,–,–,–,–,–,4.3,4.4,4.3,17.8,18.2,18.0,8.2,8.3,6.5,–,–,–,18.2,18.1,17.2
West Virginia,Total,725.9,721.2,673.6,22.6,22.3,18.0,40.1,35.4,29.8,47.0,47.1,44.5,130.3,127.4,120.2,8.2,8.1,7.3,29.3,29.6,29.3,68.9,69.2,65.5,128.2,130.1,127.7,74.2,75.1,61.3,24.4,24.4,21.6,152.6,152.5,148.4
West Virginia,Beckley(2),44.2,44.6,41.6,–,–,–,–,–,–,–,–,–,–,–,–,–,–,–,–,–,–,–,–,–,–,–,–,–,–,–,–,–,–,8.6,8.7,8.7
West Virginia,Charleston(1),110.7,109.1,102.0,–,–,–,7.1,7.1,5.8,3.5,3.2,3.0,18.3,17.7,16.6,1.6,1.6,1.4,7.1,6.9,6.7,14.3,13.7,12.8,20.9,21.2,20.7,10.2,10.1,8.0,4.0,4.0,3.6,23.7,23.6,23.5
West Virginia,Huntington-Ashland(1),134.4,134.6,127.9,–,–,–,7.9,7.8,7.3,10.7,11.1,10.4,26.8,26.3,25.1,1.2,1.2,1.1,4.8,4.6,4.3,13.0,13.1,12.6,28.3,28.6,28.1,14.3,14.5,12.4,4.4,4.5,4.0,23.1,23.0,22.6
West Virginia,Morgantown(2),70.8,71.0,67.1,–,–,–,–,–,–,4.0,3.7,3.4,–,–,–,–,–,–,–,–,–,7.5,7.7,8.1,15.1,15.6,15.6,7.4,7.4,5.6,–,–,–,18.1,18.1,17.3
West Virginia,Parkersburg-Vienna(2),38.3,38.5,35.7,–,–,–,–,–,–,2.7,2.8,2.6,–,–,–,–,–,–,–,–,–,–,–,–,6.6,6.8,6.7,–,–,–,–,–,–,7.6,7.6,7.6
West Virginia,Wheeling(2),67.3,65.5,59.0,–,–,–,–,–,–,2.9,3.0,3.0,–,–,–,–,–,–,–,–,–,–,–,–,12.7,12.5,11.2,–,–,–,–,–,–,9.7,9.6,9.2
Wisconsin,Total,2980.1,2987.7,2818.0,4.7,4.2,3.5,122.3,124.5,124.0,479.6,483.5,459.7,540.1,535.4,518.2,47.2,47.1,44.9,153.0,154.5,152.2,328.2,326.6,309.5,457.3,464.1,449.9,282.4,285.5,226.0,152.2,152.7,143.9,413.2,409.8,386.2
Wisconsin,Appleton(1),126.2,127.4,121.5,–,–,–,9.0,9.1,9.0,23.9,24.7,24.0,24.1,24.1,22.9,1.5,1.5,1.5,6.9,7.0,7.0,13.5,13.4,13.4,15.4,15.7,15.8,12.1,12.1,9.6,7.3,7.4,6.6,12.5,12.5,11.7
Wisconsin,Eau Claire(1),87.3,87.6,83.3,–,–,–,3.8,3.8,3.6,10.9,10.9,10.6,17.2,17.4,17.0,0.8,0.8,0.7,3.9,3.9,3.8,9.4,9.5,9.1,16.3,16.5,15.8,8.8,8.8,7.2,4.4,4.4,4.2,11.7,11.7,11.2
Wisconsin,Fond du Lac(1),48.6,49.0,46.0,–,–,–,3.2,3.3,3.3,11.4,11.4,10.4,8.9,8.8,8.5,0.9,0.9,0.8,1.9,2.0,1.9,2.7,2.6,2.4,7.5,7.6,7.1,4.1,4.3,3.7,2.5,2.5,2.4,5.6,5.6,5.4
Wisconsin,Green Bay(1),180.6,180.3,170.7,–,–,–,8.2,8.0,8.3,31.3,31.2,30.3,34.1,33.8,32.7,1.6,1.5,1.4,12.1,12.1,11.9,19.7,19.7,19.0,27.0,27.5,26.3,16.6,16.7,13.3,8.8,8.8,8.0,21.3,21.0,19.5
Wisconsin,Janesville-Beloit(1),69.7,70.4,66.3,–,–,–,3.4,3.5,3.5,10.4,10.6,10.3,16.5,16.5,16.0,1.4,1.4,1.1,1.9,1.9,1.8,6.1,6.3,6.0,11.0,11.2,10.4,6.9,7.1,6.0,3.4,3.4,3.2,8.7,8.5,8.2
Wisconsin,La Crosse-Onalaska(1),78.9,78.6,73.9,–,–,–,2.9,3.0,3.0,8.5,8.6,8.2,15.9,15.6,15.2,1.0,1.0,0.8,4.4,4.3,4.2,5.8,5.8,5.6,17.4,17.4,17.0,8.1,8.1,6.5,4.6,4.7,4.3,10.3,10.2,9.1
Wisconsin,Madison(1),408.3,412.7,390.2,–,–,–,18.2,18.4,17.8,35.3,36.4,35.4,65.1,64.7,61.4,16.8,17.1,17.4,23.5,23.9,23.7,52.7,53.1,52.1,49.1,50.9,49.7,37.7,38.5,28.0,20.8,20.7,20.4,89.2,89.0,84.4
Wisconsin,Milwaukee-Waukesha-West Allis,874.7,875.1,818.2,0.5,0.5,0.5,32.4,33.0,32.7,118.7,120.3,112.5,147.1,146.1,140.0,13.5,13.5,12.4,50.8,50.4,50.1,127.4,124.7,115.9,171.1,173.0,167.9,80.7,81.9,62.4,47.0,46.9,43.8,85.6,84.8,80.1
Wisconsin,Oshkosh-Neenah(1),97.4,96.9,92.9,–,–,–,5.4,5.6,5.6,22.6,22.4,21.7,15.3,15.1,14.5,1.5,1.4,1.5,4.4,4.5,4.4,12.3,12.0,11.9,11.4,11.5,11.3,7.4,7.4,6.1,5.5,5.5,5.0,11.8,11.7,11.0
Wisconsin,Racine(1),79.0,78.7,73.9,–,–,–,3.1,3.1,3.1,17.9,17.7,17.0,14.9,14.8,14.2,0.5,0.5,0.4,2.3,2.4,2.3,7.1,6.8,6.1,11.8,12.1,11.6,7.9,7.8,6.6,3.8,3.8,3.6,9.6,9.6,9.1
Wisconsin,Sheboygan(1),63.3,63.5,60.0,–,–,–,2.3,2.3,2.3,22.8,22.8,20.8,9.0,9.2,9.0,0.2,0.2,0.2,2.9,3.0,3.0,4.3,4.2,4.0,7.8,8.0,8.0,5.4,5.3,4.6,2.8,2.8,2.6,5.9,5.8,5.5
Wisconsin,Wausau(1),73.3,73.5,69.9,–,–,–,2.6,2.7,2.5,18.2,18.7,18.2,14.1,13.6,13.0,0.4,0.4,0.4,5.4,5.4,5.3,6.4,6.2,5.6,9.8,9.9,9.6,6.0,6.0,5.0,3.2,3.2,3.1,7.5,7.5,7.2
Wyoming,Total,285.9,290.3,272.9,20.7,20.8,16.3,20.3,22.9,21.2,9.8,10.1,9.5,52.0,52.0,50.4,3.6,3.4,3.0,11.1,11.2,10.9,18.7,19.2,18.3,28.3,28.7,28.3,36.4,37.1,32.5,16.3,16.2,15.8,68.7,68.9,66.6
Wyoming,Casper,39.0,39.6,37.0,2.8,2.9,1.9,2.6,2.9,2.7,1.6,1.8,1.6,8.7,8.8,8.4,0.4,0.4,0.3,2.0,2.0,1.9,2.8,2.8,2.6,6.0,6.0,6.1,4.6,4.6,4.2,1.8,1.8,1.6,5.7,5.6,5.7
Wyoming,Cheyenne(1),46.9,47.7,46.2,–,–,–,3.8,4.1,3.8,1.3,1.4,1.3,9.9,10.1,9.9,1.0,1.0,0.8,2.2,2.3,2.3,3.7,3.6,3.8,4.6,4.7,4.6,4.9,5.0,4.5,1.6,1.6,1.5,13.9,13.9,13.8
Puerto Rico,Total,863.5,880.5,831.8,0.5,0.5,0.6,26.0,26.8,26.1,71.9,75.1,74.2,168.3,174.1,162.8,16.7,16.9,15.6,42.1,43.8,43.4,123.3,123.9,117.6,115.4,119.7,110.3,74.6,79.6,67.6,17.2,18.1,16.1,207.5,202.0,197.5
Puerto Rico,Aguadilla-Isabela(2),50.9,51.7,49.5,–,–,–,–,–,–,5.9,6.0,5.8,10.2,10.4,10.0,–,–,–,1.5,1.5,1.5,–,–,–,–,–,–,4.1,4.4,4.2,–,–,–,15.4,14.8,14.4
Puerto Rico,Arecibo(2),33.4,35.0,33.2,–,–,–,–,–,–,–,–,–,–,–,–,–,–,–,–,–,–,–,–,–,–,–,–,–,–,–,–,–,–,10.1,10.1,9.7
Puerto Rico,Guayama(2),13.6,13.9,13.8,–,–,–,–,–,–,–,–,–,2.2,2.3,2.1,–,–,–,–,–,–,–,–,–,–,–,–,–,–,–,–,–,–,4.9,4.8,4.8
Puerto Rico,Mayaguez(2),31.7,31.6,30.1,–,–,–,–,–,–,1.6,1.8,1.9,6.3,6.3,5.8,0.4,0.4,0.3,0.9,0.9,0.8,3.4,3.0,2.9,6.1,6.2,5.9,3.0,3.1,2.6,–,–,–,8.5,8.3,8.3
Puerto Rico,Ponce(1),67.4,68.6,64.1,–,–,–,2.2,2.1,2.1,7.8,8.4,8.1,13.1,13.1,11.9,0.7,0.7,0.5,2.1,2.4,2.3,–,–,–,11.1,11.4,10.3,5.7,5.9,5.3,–,–,–,18.3,17.7,17.1
Puerto Rico,San German(2),19.2,19.6,19.0,–,–,–,–,–,–,2.7,3.2,3.3,3.2,3.3,3.2,–,–,–,–,–,–,–,–,–,–,–,–,–,–,–,–,–,–,4.5,4.4,4.4
Puerto Rico,San Juan-Carolina-Caguas(1),629.2,640.8,603.2,–,–,–,20.2,20.6,20.1,43.8,45.2,44.6,123.2,127.9,119.6,14.3,14.6,13.8,35.8,36.9,36.8,103.4,103.7,97.9,80.1,83.0,76.5,55.1,58.9,48.6,13.9,14.6,13.0,139.4,135.4,132.4
Virgin Islands(1),Total,33.8,38.2,36.1,–,–,–,2.6,4.3,3.7,0.5,0.7,0.8,6.8,7.0,6.4,0.7,0.6,0.5,1.9,1.9,1.8,3.5,3.8,3.5,2.1,2.2,2.2,4.2,5.6,4.8,1.1,1.6,1.5,10.5,10.5,10.9